LINE_ID,PrevTemp,GenNum,Prev_PAL_FEMALE,PAL_FEMALE,Prev_PAN_FEMALE,PAN_FEMALE,Prev_PAL_FEMALE_comp,Prev_PAN_FEMALE_comp,Temp20
C_S_R1,24,2,3,35,0,7,2,0,4
C_S_R1,24.4,3,35,23,7,4,34,6,4.399999999999999
C_S_R1,24.8,4,23,9,4,2,22,3,4.800000000000001
C_S_R1,25.2,5,9,24,8,30,8,7,5.199999999999999
C_S_R1,25.6,6,24,0,30,31,23,29,5.600000000000001
C_S_R10,24,2,3,12,0,7,2,0,4
C_S_R10,24.4,3,12,0,7,1,11,6,4.399999999999999
C_S_R11,24,2,3,36,0,9,2,0,4
C_S_R11,24.4,3,36,15,9,12,35,8,4.399999999999999
C_S_R11,24.8,4,15,12,12,17,14,11,4.800000000000001
C_S_R11,25.2,5,12,8,23,20,11,22,5.199999999999999
C_S_R11,25.6,6,8,13,20,36,7,19,5.600000000000001
C_S_R11,26,7,13,0,36,5,12,35,6
C_S_R12,24,2,3,18,0,6,2,0,4
C_S_R12,24.4,3,18,0,6,0,17,5,4.399999999999999
C_S_R13,24,2,3,2,0,8,2,0,4
C_S_R13,24.4,3,2,0,8,9,1,7,4.399999999999999
C_S_R14,24,2,3,21,0,8,2,0,4
C_S_R14,24.4,3,21,26,8,1,20,7,4.399999999999999
C_S_R14,24.8,4,26,10,1,0,25,0,4.800000000000001
C_S_R14,25.2,5,10,22,3,0,9,2,5.199999999999999
C_S_R14,25.6,6,22,44,0,0,21,0,5.600000000000001
C_S_R14,26,7,44,0,0,0,43,0,6
C_S_R15,24,2,3,36,0,6,2,0,4
C_S_R15,24.4,3,36,0,6,0,35,5,4.399999999999999
C_S_R16,24,2,3,26,0,9,2,0,4
C_S_R16,24.4,3,26,2,9,0,25,8,4.399999999999999
C_S_R16,24.8,4,2,11,0,0,1,0,4.800000000000001
C_S_R16,25.2,5,11,7,4,1,10,3,5.199999999999999
C_S_R16,25.6,6,7,14,1,9,6,0,5.600000000000001
C_S_R16,26,7,14,0,9,0,13,8,6
C_S_R17,24,2,3,34,0,9,2,0,4
C_S_R17,24.4,3,34,30,9,0,33,8,4.399999999999999
C_S_R17,24.8,4,30,16,0,0,29,0,4.800000000000001
C_S_R17,25.2,5,16,38,4,0,15,3,5.199999999999999
C_S_R17,25.6,6,38,33,0,0,37,0,5.600000000000001
C_S_R17,26,7,33,22,0,0,32,0,6
C_S_R17,26.4,8,22,11,0,0,21,0,6.399999999999999
C_S_R17,26.8,9,11,1,4,0,10,3,6.800000000000001
C_S_R17,27.2,10,1,1,0,0,0,0,7.199999999999999
C_S_R18,24,2,3,36,0,11,2,0,4
C_S_R18,24.4,3,36,22,11,1,35,10,4.399999999999999
C_S_R18,24.8,4,22,41,1,0,21,0,4.800000000000001
C_S_R18,25.2,5,41,23,3,0,40,2,5.199999999999999
C_S_R18,25.6,6,23,24,0,0,22,0,5.600000000000001
C_S_R18,26,7,24,0,0,0,23,0,6
C_S_R19,24,2,3,24,0,7,2,0,4
C_S_R19,24.4,3,24,0,7,0,23,6,4.399999999999999
C_S_R2,24,2,3,26,0,8,2,0,4
C_S_R2,24.4,3,26,0,8,0,25,7,4.399999999999999
C_S_R20,24,2,3,32,0,6,2,0,4
C_S_R20,24.4,3,32,32,6,0,31,5,4.399999999999999
C_S_R20,24.8,4,32,34,0,0,31,0,4.800000000000001
C_S_R20,25.2,5,34,39,4,0,33,3,5.199999999999999
C_S_R20,25.6,6,39,9,0,0,38,0,5.600000000000001
C_S_R20,26,7,9,1,0,0,8,0,6
C_S_R20,26.4,8,1,20,0,0,0,0,6.399999999999999
C_S_R20,26.8,9,20,1,4,0,19,3,6.800000000000001
C_S_R20,27.2,10,1,0,0,0,0,0,7.199999999999999
C_S_R21,24,2,3,32,0,13,2,0,4
C_S_R21,24.4,3,32,16,13,7,31,12,4.399999999999999
C_S_R21,24.8,4,16,34,7,0,15,6,4.800000000000001
C_S_R21,25.2,5,34,2,3,5,33,2,5.199999999999999
C_S_R21,25.6,6,2,8,5,38,1,4,5.600000000000001
C_S_R21,26,7,8,0,38,21,7,37,6
C_S_R22,24,2,3,9,0,7,2,0,4
C_S_R22,24.4,3,9,1,7,0,8,6,4.399999999999999
C_S_R22,24.8,4,1,22,0,0,0,0,4.800000000000001
C_S_R22,25.2,5,22,18,4,1,21,3,5.199999999999999
C_S_R22,25.6,6,18,7,1,0,17,0,5.600000000000001
C_S_R22,26,7,7,7,0,0,6,0,6
C_S_R22,26.4,8,7,13,0,0,6,0,6.399999999999999
C_S_R22,26.8,9,13,0,4,7,12,3,6.800000000000001
C_S_R23,24,2,3,20,0,14,2,0,4
C_S_R23,24.4,3,20,36,14,1,19,13,4.399999999999999
C_S_R23,24.8,4,36,22,1,0,35,0,4.800000000000001
C_S_R23,25.2,5,22,19,5,4,21,4,5.199999999999999
C_S_R23,25.6,6,19,39,4,10,18,3,5.600000000000001
C_S_R23,26,7,39,5,10,12,38,9,6
C_S_R23,26.4,8,5,8,12,34,4,11,6.399999999999999
C_S_R23,26.8,9,8,0,40,39,7,39,6.800000000000001
C_S_R24,24,2,3,37,0,8,2,0,4
C_S_R24,24.4,3,37,24,8,0,36,7,4.399999999999999
C_S_R24,24.8,4,24,5,0,0,23,0,4.800000000000001
C_S_R24,25.2,5,5,38,4,8,4,3,5.199999999999999
C_S_R24,25.6,6,38,15,8,0,37,7,5.600000000000001
C_S_R24,26,7,15,8,0,0,14,0,6
C_S_R24,26.4,8,8,9,0,0,7,0,6.399999999999999
C_S_R24,26.8,9,9,2,4,18,8,3,6.800000000000001
C_S_R24,27.2,10,2,0,18,45,1,17,7.199999999999999
C_S_R25,24,2,3,30,0,7,2,0,4
C_S_R25,24.4,3,30,0,7,0,29,6,4.399999999999999
C_S_R26,24,2,3,29,0,10,2,0,4
C_S_R26,24.4,3,29,0,10,0,28,9,4.399999999999999
C_S_R27,24,2,3,22,0,6,2,0,4
C_S_R27,24.4,3,22,0,6,0,21,5,4.399999999999999
C_S_R28,24,2,3,22,0,9,2,0,4
C_S_R28,24.4,3,22,0,9,0,21,8,4.399999999999999
C_S_R29,24,2,3,21,0,8,2,0,4
C_S_R29,24.4,3,21,0,8,0,20,7,4.399999999999999
C_S_R3,24,2,3,17,0,7,2,0,4
C_S_R3,24.4,3,17,18,7,0,16,6,4.399999999999999
C_S_R3,24.8,4,18,40,0,0,17,0,4.800000000000001
C_S_R3,25.2,5,40,4,4,7,39,3,5.199999999999999
C_S_R3,25.6,6,4,16,7,28,3,6,5.600000000000001
C_S_R3,26,7,16,0,28,6,15,27,6
C_S_R30,24,2,3,17,0,9,2,0,4
C_S_R30,24.4,3,17,0,9,0,16,8,4.399999999999999
C_S_R31,24,2,3,45,0,8,2,0,4
C_S_R31,24.4,3,45,47,8,0,44,7,4.399999999999999
C_S_R31,24.8,4,47,11,0,0,46,0,4.800000000000001
C_S_R31,25.2,5,11,28,4,2,10,3,5.199999999999999
C_S_R31,25.6,6,28,20,2,0,27,1,5.600000000000001
C_S_R31,26,7,20,5,0,0,19,0,6
C_S_R31,26.4,8,5,1,0,0,4,0,6.399999999999999
C_S_R31,26.8,9,1,0,4,13,0,3,6.800000000000001
C_S_R32,24,2,3,39,0,10,2,0,4
C_S_R32,24.4,3,39,2,10,0,38,9,4.399999999999999
C_S_R32,24.8,4,2,0,0,0,1,0,4.800000000000001
C_S_R33,24,2,3,39,0,10,2,0,4
C_S_R33,24.4,3,39,0,10,0,38,9,4.399999999999999
C_S_R34,24,2,3,24,0,8,2,0,4
C_S_R34,24.4,3,24,43,8,0,23,7,4.399999999999999
C_S_R34,24.8,4,43,3,0,0,42,0,4.800000000000001
C_S_R34,25.2,5,3,18,4,1,2,3,5.199999999999999
C_S_R34,25.6,6,18,19,1,0,17,0,5.600000000000001
C_S_R34,26,7,19,9,0,0,18,0,6
C_S_R34,26.4,8,9,37,0,0,8,0,6.399999999999999
C_S_R34,26.8,9,37,8,4,8,36,3,6.800000000000001
C_S_R34,27.2,10,8,1,8,35,7,7,7.199999999999999
C_S_R35,24,2,3,35,0,12,2,0,4
C_S_R35,24.4,3,35,4,12,2,34,11,4.399999999999999
C_S_R35,24.8,4,4,31,2,2,3,1,4.800000000000001
C_S_R35,25.2,5,31,18,8,20,30,7,5.199999999999999
C_S_R35,25.6,6,18,0,20,20,17,19,5.600000000000001
C_S_R36,24,2,3,32,0,8,2,0,4
C_S_R36,24.4,3,32,0,8,0,31,7,4.399999999999999
C_S_R37,24,2,3,36,0,10,2,0,4
C_S_R37,24.4,3,36,21,10,1,35,9,4.399999999999999
C_S_R37,24.8,4,21,46,1,0,20,0,4.800000000000001
C_S_R37,25.2,5,46,19,3,2,45,2,5.199999999999999
C_S_R37,25.6,6,19,28,2,12,18,1,5.600000000000001
C_S_R37,26,7,28,0,12,33,27,11,6
C_S_R38,24,2,3,39,0,8,2,0,4
C_S_R38,24.4,3,39,17,8,0,38,7,4.399999999999999
C_S_R38,24.8,4,17,18,0,0,16,0,4.800000000000001
C_S_R38,25.2,5,18,4,4,1,17,3,5.199999999999999
C_S_R38,25.6,6,4,0,1,0,3,0,5.600000000000001
C_S_R39,24,2,3,32,0,7,2,0,4
C_S_R39,24.4,3,32,21,7,2,31,6,4.399999999999999
C_S_R39,24.8,4,21,25,2,0,20,1,4.800000000000001
C_S_R39,25.2,5,25,36,4,0,24,3,5.199999999999999
C_S_R39,25.6,6,36,29,0,0,35,0,5.600000000000001
C_S_R39,26,7,29,0,0,0,28,0,6
C_S_R4,24,2,3,38,0,7,2,0,4
C_S_R4,24.4,3,38,20,7,1,37,6,4.399999999999999
C_S_R4,24.8,4,20,25,1,0,19,0,4.800000000000001
C_S_R4,25.2,5,25,25,3,0,24,2,5.199999999999999
C_S_R4,25.6,6,25,20,0,0,24,0,5.600000000000001
C_S_R4,26,7,20,0,0,0,19,0,6
C_S_R40,24,2,3,30,0,9,2,0,4
C_S_R40,24.4,3,30,13,9,0,29,8,4.399999999999999
C_S_R40,24.8,4,13,18,0,0,12,0,4.800000000000001
C_S_R40,25.2,5,18,42,4,0,17,3,5.199999999999999
C_S_R40,25.6,6,42,7,0,0,41,0,5.600000000000001
C_S_R40,26,7,7,16,0,0,6,0,6
C_S_R40,26.4,8,16,20,0,0,15,0,6.399999999999999
C_S_R40,26.8,9,20,1,4,0,19,3,6.800000000000001
C_S_R40,27.2,10,1,0,0,0,0,0,7.199999999999999
C_S_R41,24,2,3,42,0,10,2,0,4
C_S_R41,24.4,3,42,19,10,3,41,9,4.399999999999999
C_S_R41,24.8,4,19,33,3,0,18,2,4.800000000000001
C_S_R41,25.2,5,33,16,4,3,32,3,5.199999999999999
C_S_R41,25.6,6,16,22,3,2,15,2,5.600000000000001
C_S_R41,26,7,22,0,2,0,21,1,6
C_S_R42,24,2,3,19,0,8,2,0,4
C_S_R42,24.4,3,19,27,8,0,18,7,4.399999999999999
C_S_R42,24.8,4,27,33,0,0,26,0,4.800000000000001
C_S_R42,25.2,5,33,44,4,0,32,3,5.199999999999999
C_S_R42,25.6,6,44,7,0,0,43,0,5.600000000000001
C_S_R42,26,7,7,28,0,0,6,0,6
C_S_R42,26.4,8,28,0,0,0,27,0,6.399999999999999
C_S_R43,24,2,3,15,0,6,2,0,4
C_S_R43,24.4,3,15,44,6,0,14,5,4.399999999999999
C_S_R43,24.8,4,44,0,0,0,43,0,4.800000000000001
C_S_R44,24,2,3,36,0,6,2,0,4
C_S_R44,24.4,3,36,2,6,0,35,5,4.399999999999999
C_S_R44,24.8,4,2,3,0,0,1,0,4.800000000000001
C_S_R44,25.2,5,3,28,4,3,2,3,5.199999999999999
C_S_R44,25.6,6,28,10,3,0,27,2,5.600000000000001
C_S_R44,26,7,10,9,0,0,9,0,6
C_S_R44,26.4,8,9,0,0,0,8,0,6.399999999999999
C_S_R45,24,2,3,35,0,6,2,0,4
C_S_R45,24.4,3,35,1,6,1,34,5,4.399999999999999
C_S_R45,24.8,4,1,0,1,0,0,0,4.800000000000001
C_S_R46,24,2,3,33,0,9,2,0,4
C_S_R46,24.4,3,33,28,9,0,32,8,4.399999999999999
C_S_R46,24.8,4,28,0,0,0,27,0,4.800000000000001
C_S_R47,24,2,3,43,0,8,2,0,4
C_S_R47,24.4,3,43,20,8,0,42,7,4.399999999999999
C_S_R47,24.8,4,20,9,0,0,19,0,4.800000000000001
C_S_R47,25.2,5,9,5,4,2,8,3,5.199999999999999
C_S_R47,25.6,6,5,22,2,0,4,1,5.600000000000001
C_S_R47,26,7,22,0,0,0,21,0,6
C_S_R48,24,2,3,36,0,7,2,0,4
C_S_R48,24.4,3,36,15,7,0,35,6,4.399999999999999
C_S_R48,24.8,4,15,0,0,0,14,0,4.800000000000001
C_S_R49,24,2,3,35,0,10,2,0,4
C_S_R49,24.4,3,35,2,10,0,34,9,4.399999999999999
C_S_R49,24.8,4,2,12,0,0,1,0,4.800000000000001
C_S_R49,25.2,5,12,16,4,0,11,3,5.199999999999999
C_S_R49,25.6,6,16,0,0,0,15,0,5.600000000000001
C_S_R5,24,2,3,27,0,8,2,0,4
C_S_R5,24.4,3,27,28,8,0,26,7,4.399999999999999
C_S_R5,24.8,4,28,1,0,0,27,0,4.800000000000001
C_S_R5,25.2,5,1,9,4,7,0,3,5.199999999999999
C_S_R5,25.6,6,9,0,7,5,8,6,5.600000000000001
C_S_R50,24,2,3,7,0,5,2,0,4
C_S_R50,24.4,3,7,0,5,0,6,4,4.399999999999999
C_S_R51,24,2,3,28,0,11,2,0,4
C_S_R51,24.4,3,28,20,11,1,27,10,4.399999999999999
C_S_R51,24.8,4,20,14,1,0,19,0,4.800000000000001
C_S_R51,25.2,5,14,31,4,2,13,3,5.199999999999999
C_S_R51,25.6,6,31,15,2,1,30,1,5.600000000000001
C_S_R51,26,7,15,11,1,0,14,0,6
C_S_R51,26.4,8,11,3,0,0,10,0,6.399999999999999
C_S_R51,26.8,9,3,2,4,4,2,3,6.800000000000001
C_S_R51,27.2,10,2,0,4,21,1,3,7.199999999999999
C_S_R52,24,2,3,10,0,10,2,0,4
C_S_R52,24.4,3,10,42,10,0,9,9,4.399999999999999
C_S_R52,24.8,4,42,15,0,0,41,0,4.800000000000001
C_S_R52,25.2,5,15,31,4,0,14,3,5.199999999999999
C_S_R52,25.6,6,31,0,0,0,30,0,5.600000000000001
C_S_R53,24,2,3,41,0,9,2,0,4
C_S_R53,24.4,3,41,31,9,0,40,8,4.399999999999999
C_S_R53,24.8,4,31,0,0,0,30,0,4.800000000000001
C_S_R54,24,2,3,35,0,9,2,0,4
C_S_R54,24.4,3,35,25,9,0,34,8,4.399999999999999
C_S_R54,24.8,4,25,45,0,0,24,0,4.800000000000001
C_S_R54,25.2,5,45,13,4,1,44,3,5.199999999999999
C_S_R54,25.6,6,13,31,1,0,12,0,5.600000000000001
C_S_R54,26,7,31,3,0,0,30,0,6
C_S_R54,26.4,8,3,0,0,0,2,0,6.399999999999999
C_S_R55,24,2,3,44,0,9,2,0,4
C_S_R55,24.4,3,44,36,9,0,43,8,4.399999999999999
C_S_R55,24.8,4,36,33,0,0,35,0,4.800000000000001
C_S_R55,25.2,5,33,23,4,0,32,3,5.199999999999999
C_S_R55,25.6,6,23,22,0,0,22,0,5.600000000000001
C_S_R55,26,7,22,5,0,0,21,0,6
C_S_R55,26.4,8,5,22,0,0,4,0,6.399999999999999
C_S_R55,26.8,9,22,4,4,0,21,3,6.800000000000001
C_S_R55,27.2,10,4,7,0,0,3,0,7.199999999999999
C_S_R56,24,2,3,37,0,7,2,0,4
C_S_R56,24.4,3,37,18,7,1,36,6,4.399999999999999
C_S_R56,24.8,4,18,2,1,0,17,0,4.800000000000001
C_S_R56,25.2,5,2,33,4,0,1,3,5.199999999999999
C_S_R56,25.6,6,33,14,0,0,32,0,5.600000000000001
C_S_R56,26,7,14,5,0,0,13,0,6
C_S_R56,26.4,8,5,14,0,0,4,0,6.399999999999999
C_S_R56,26.8,9,14,12,4,33,13,3,6.800000000000001
C_S_R56,27.2,10,12,0,33,58,11,32,7.199999999999999
C_S_R57,24,2,3,27,0,9,2,0,4
C_S_R57,24.4,3,27,31,9,1,26,8,4.399999999999999
C_S_R57,24.8,4,31,5,1,0,30,0,4.800000000000001
C_S_R57,25.2,5,5,1,4,8,4,3,5.199999999999999
C_S_R57,25.6,6,1,0,8,65,0,7,5.600000000000001
C_S_R58,24,2,3,36,0,8,2,0,4
C_S_R58,24.4,3,36,11,8,0,35,7,4.399999999999999
C_S_R58,24.8,4,11,5,0,0,10,0,4.800000000000001
C_S_R58,25.2,5,5,0,4,0,4,3,5.199999999999999
C_S_R59,24,2,3,14,0,8,2,0,4
C_S_R59,24.4,3,14,1,8,0,13,7,4.399999999999999
C_S_R59,24.8,4,1,0,0,0,0,0,4.800000000000001
C_S_R6,24,2,3,33,0,9,2,0,4
C_S_R6,24.4,3,33,0,9,0,32,8,4.399999999999999
C_S_R60,24,2,3,16,0,8,2,0,4
C_S_R60,24.4,3,16,0,8,0,15,7,4.399999999999999
C_S_R7,24,2,3,38,0,7,2,0,4
C_S_R7,24.4,3,38,0,7,0,37,6,4.399999999999999
C_S_R8,24,2,3,42,0,12,2,0,4
C_S_R8,24.4,3,42,34,12,1,41,11,4.399999999999999
C_S_R8,24.8,4,34,12,1,0,33,0,4.800000000000001
C_S_R8,25.2,5,12,39,3,3,11,2,5.199999999999999
C_S_R8,25.6,6,39,9,3,3,38,2,5.600000000000001
C_S_R8,26,7,9,6,3,4,8,2,6
C_S_R8,26.4,8,6,3,4,0,5,3,6.399999999999999
C_S_R8,26.8,9,3,0,6,3,2,5,6.800000000000001
C_S_R9,24,2,3,31,0,6,2,0,4
C_S_R9,24.4,3,31,6,6,0,30,5,4.399999999999999
C_S_R9,24.8,4,6,0,0,0,5,0,4.800000000000001
C_V01_R1,24,2,3,8,0,8,2,0,4
C_V01_R1,24.4,3,8,18,8,1,7,7,4.399999999999999
C_V01_R1,26.3,4,18,40,1,0,17,0,6.300000000000001
C_V01_R1,23.7,5,40,0,5,4,39,4,3.6999999999999993
C_V01_R2,24,2,3,16,0,9,2,0,4
C_V01_R2,24.4,3,16,36,9,0,15,8,4.399999999999999
C_V01_R2,26.3,4,36,15,0,0,35,0,6.300000000000001
C_V01_R2,23.7,5,15,10,4,0,14,3,3.6999999999999993
C_V01_R2,25.6,6,10,32,0,0,9,0,5.600000000000001
C_V01_R2,27.5,7,32,0,0,0,31,0,7.5
C_V01_R3,24,2,3,30,0,9,2,0,4
C_V01_R3,24.4,3,30,37,9,3,29,8,4.399999999999999
C_V01_R3,26.3,4,37,22,3,8,36,2,6.300000000000001
C_V01_R3,23.7,5,22,0,14,9,21,13,3.6999999999999993
C_V01_R4,24,2,3,23,0,9,2,0,4
C_V01_R4,24.4,3,23,27,9,0,22,8,4.399999999999999
C_V01_R4,26.3,4,27,20,0,0,26,0,6.300000000000001
C_V01_R4,23.7,5,20,10,4,0,19,3,3.6999999999999993
C_V01_R4,25.6,6,10,12,0,0,9,0,5.600000000000001
C_V01_R4,27.5,7,12,12,0,0,11,0,7.5
C_V01_R4,24.9,8,12,2,0,0,11,0,4.899999999999999
C_V01_R4,25.3,9,2,21,4,14,1,3,5.300000000000001
C_V01_R4,28.7,10,21,0,14,8,20,13,8.7
C_V01_R5,24,2,3,45,0,7,2,0,4
C_V01_R5,24.4,3,45,22,7,0,44,6,4.399999999999999
C_V01_R5,26.3,4,22,2,0,0,21,0,6.300000000000001
C_V01_R5,23.7,5,2,30,4,0,1,3,3.6999999999999993
C_V01_R5,25.6,6,30,0,0,0,29,0,5.600000000000001
C_V02_R1,25.5,2,3,14,0,9,2,0,5.5
C_V02_R1,25.9,3,14,14,9,0,13,8,5.899999999999999
C_V02_R1,23.3,4,14,0,0,0,13,0,3.3000000000000007
C_V02_R2,25.5,2,3,5,0,7,2,0,5.5
C_V02_R2,25.9,3,5,31,7,1,4,6,5.899999999999999
C_V02_R2,23.3,4,31,13,1,0,30,0,3.3000000000000007
C_V02_R2,25.2,5,13,13,4,6,12,3,5.199999999999999
C_V02_R2,24.1,6,13,5,6,28,12,5,4.100000000000001
C_V02_R2,24.5,7,5,0,28,2,4,27,4.5
C_V02_R3,25.5,2,3,38,0,11,2,0,5.5
C_V02_R3,25.9,3,38,15,11,17,37,10,5.899999999999999
C_V02_R3,23.3,4,15,3,17,36,14,16,3.3000000000000007
C_V02_R3,25.2,5,3,0,42,11,2,41,5.199999999999999
C_V02_R4,25.5,2,3,36,0,9,2,0,5.5
C_V02_R4,25.9,3,36,21,9,1,35,8,5.899999999999999
C_V02_R4,23.3,4,21,14,1,0,20,0,3.3000000000000007
C_V02_R4,25.2,5,14,3,4,5,13,3,5.199999999999999
C_V02_R4,24.1,6,3,12,5,19,2,4,4.100000000000001
C_V02_R4,24.5,7,12,0,19,0,11,18,4.5
C_V02_R5,25.5,2,3,42,0,10,2,0,5.5
C_V02_R5,25.9,3,42,30,10,1,41,9,5.899999999999999
C_V02_R5,23.3,4,30,28,1,0,29,0,3.3000000000000007
C_V02_R5,25.2,5,28,18,4,0,27,3,5.199999999999999
C_V02_R5,24.1,6,18,34,0,0,17,0,4.100000000000001
C_V02_R5,24.5,7,34,1,0,0,33,0,4.5
C_V02_R5,27.9,8,1,4,0,0,0,0,7.899999999999999
C_V02_R5,28.3,9,4,0,4,31,3,3,8.3
C_V03_R1,22.5,2,3,9,0,8,2,0,2.5
C_V03_R1,25.9,3,9,7,8,9,8,7,5.899999999999999
C_V03_R1,23.3,4,7,4,9,14,6,8,3.3000000000000007
C_V03_R1,25.2,5,4,7,20,9,3,19,5.199999999999999
C_V03_R1,24.1,6,7,13,9,22,6,8,4.100000000000001
C_V03_R1,26,7,13,0,22,1,12,21,6
C_V03_R2,22.5,2,3,15,0,10,2,0,2.5
C_V03_R2,25.9,3,15,4,10,14,14,9,5.899999999999999
C_V03_R2,23.3,4,4,2,14,17,3,13,3.3000000000000007
C_V03_R2,25.2,5,2,0,23,10,1,22,5.199999999999999
C_V03_R3,22.5,2,3,33,0,13,2,0,2.5
C_V03_R3,25.9,3,33,20,13,16,32,12,5.899999999999999
C_V03_R3,23.3,4,20,5,16,7,19,15,3.3000000000000007
C_V03_R3,25.2,5,5,0,13,0,4,12,5.199999999999999
C_V03_R4,22.5,2,3,19,0,9,2,0,2.5
C_V03_R4,25.9,3,19,23,9,0,18,8,5.899999999999999
C_V03_R4,23.3,4,23,23,0,0,22,0,3.3000000000000007
C_V03_R4,25.2,5,23,16,4,0,22,3,5.199999999999999
C_V03_R4,24.1,6,16,31,0,0,15,0,4.100000000000001
C_V03_R4,26,7,31,0,0,0,30,0,6
C_V03_R5,22.5,2,3,21,0,10,2,0,2.5
C_V03_R5,25.9,3,21,7,10,3,20,9,5.899999999999999
C_V03_R5,23.3,4,7,30,3,0,6,2,3.3000000000000007
C_V03_R5,25.2,5,30,0,4,0,29,3,5.199999999999999
C_V04_R1,24,2,3,6,0,8,2,0,4
C_V04_R1,25.9,3,6,0,8,5,5,7,5.899999999999999
C_V04_R2,24,2,3,1,0,10,2,0,4
C_V04_R2,25.9,3,1,0,10,4,0,9,5.899999999999999
C_V04_R3,24,2,3,34,0,8,2,0,4
C_V04_R3,25.9,3,34,27,8,2,33,7,5.899999999999999
C_V04_R3,23.3,4,27,10,2,9,26,1,3.3000000000000007
C_V04_R3,23.7,5,10,8,15,5,9,14,3.6999999999999993
C_V04_R3,27.1,6,8,0,5,0,7,4,7.100000000000001
C_V04_R4,24,2,3,10,0,6,2,0,4
C_V04_R4,25.9,3,10,0,6,2,9,5,5.899999999999999
C_V04_R5,24,2,3,3,0,8,2,0,4
C_V04_R5,25.9,3,3,0,8,1,2,7,5.899999999999999
C_V05_R1,22.5,2,3,0,0,10,2,0,2.5
C_V05_R2,22.5,2,3,0,0,7,2,0,2.5
C_V05_R3,22.5,2,3,9,0,10,2,0,2.5
C_V05_R3,22.9,3,9,18,10,0,8,9,2.8999999999999986
C_V05_R3,26.3,4,18,7,0,0,17,0,6.300000000000001
C_V05_R3,23.7,5,7,22,4,0,6,3,3.6999999999999993
C_V05_R3,27.1,6,22,13,0,0,21,0,7.100000000000001
C_V05_R3,27.5,7,13,0,0,0,12,0,7.5
C_V05_R4,22.5,2,3,4,0,9,2,0,2.5
C_V05_R4,22.9,3,4,20,9,0,3,8,2.8999999999999986
C_V05_R4,26.3,4,20,17,0,0,19,0,6.300000000000001
C_V05_R4,23.7,5,17,31,4,0,16,3,3.6999999999999993
C_V05_R4,27.1,6,31,0,0,0,30,0,7.100000000000001
C_V05_R5,22.5,2,3,7,0,11,2,0,2.5
C_V05_R5,22.9,3,7,3,11,12,6,10,2.8999999999999986
C_V05_R5,26.3,4,3,0,12,7,2,11,6.300000000000001
C_V06_R1,25.5,2,3,12,0,7,2,0,5.5
C_V06_R1,22.9,3,12,8,7,0,11,6,2.8999999999999986
C_V06_R1,26.3,4,8,25,0,0,7,0,6.300000000000001
C_V06_R1,26.7,5,25,31,4,1,24,3,6.699999999999999
C_V06_R1,24.1,6,31,15,1,6,30,0,4.100000000000001
C_V06_R1,26,7,15,0,6,10,14,5,6
C_V06_R2,25.5,2,3,36,0,9,2,0,5.5
C_V06_R2,22.9,3,36,2,9,0,35,8,2.8999999999999986
C_V06_R2,26.3,4,2,0,0,0,1,0,6.300000000000001
C_V06_R3,25.5,2,3,36,0,8,2,0,5.5
C_V06_R3,22.9,3,36,1,8,0,35,7,2.8999999999999986
C_V06_R3,26.3,4,1,0,0,0,0,0,6.300000000000001
C_V06_R4,25.5,2,3,33,0,7,2,0,5.5
C_V06_R4,22.9,3,33,0,7,0,32,6,2.8999999999999986
C_V06_R5,25.5,2,3,21,0,5,2,0,5.5
C_V06_R5,22.9,3,21,11,5,1,20,4,2.8999999999999986
C_V06_R5,26.3,4,11,24,1,0,10,0,6.300000000000001
C_V06_R5,26.7,5,24,35,4,0,23,3,6.699999999999999
C_V06_R5,24.1,6,35,6,0,0,34,0,4.100000000000001
C_V06_R5,26,7,6,20,0,0,5,0,6
C_V06_R5,24.9,8,20,42,0,0,19,0,4.899999999999999
C_V06_R5,28.3,9,42,0,4,11,41,3,8.3
C_V07_R1,24,2,3,5,0,5,2,0,4
C_V07_R1,24.4,3,5,32,5,0,4,4,4.399999999999999
C_V07_R1,24.8,4,32,15,0,0,31,0,4.800000000000001
C_V07_R1,23.7,5,15,31,4,1,14,3,3.6999999999999993
C_V07_R1,27.1,6,31,0,1,0,30,0,7.100000000000001
C_V07_R2,24,2,3,0,0,8,2,0,4
C_V07_R3,24,2,3,5,0,10,2,0,4
C_V07_R3,24.4,3,5,46,10,0,4,9,4.399999999999999
C_V07_R3,24.8,4,46,11,0,0,45,0,4.800000000000001
C_V07_R3,23.7,5,11,13,4,0,10,3,3.6999999999999993
C_V07_R3,27.1,6,13,0,0,0,12,0,7.100000000000001
C_V07_R4,24,2,3,14,0,10,2,0,4
C_V07_R4,24.4,3,14,41,10,0,13,9,4.399999999999999
C_V07_R4,24.8,4,41,18,0,0,40,0,4.800000000000001
C_V07_R4,23.7,5,18,29,3,0,17,2,3.6999999999999993
C_V07_R4,27.1,6,29,0,0,0,28,0,7.100000000000001
C_V07_R5,24,2,3,27,0,8,2,0,4
C_V07_R5,24.4,3,27,23,8,1,26,7,4.399999999999999
C_V07_R5,24.8,4,23,11,1,0,22,0,4.800000000000001
C_V07_R5,23.7,5,11,29,4,0,10,3,3.6999999999999993
C_V07_R5,27.1,6,29,0,0,0,28,0,7.100000000000001
C_V08_R1,22.5,2,3,10,0,7,2,0,2.5
C_V08_R1,22.9,3,10,2,7,0,9,6,2.8999999999999986
C_V08_R1,26.3,4,2,23,0,1,1,0,6.300000000000001
C_V08_R1,26.7,5,23,19,7,0,22,6,6.699999999999999
C_V08_R1,25.6,6,19,10,0,0,18,0,5.600000000000001
C_V08_R1,24.5,7,10,5,0,0,9,0,4.5
C_V08_R1,27.9,8,5,3,0,0,4,0,7.899999999999999
C_V08_R1,26.8,9,3,0,4,25,2,3,6.800000000000001
C_V08_R2,22.5,2,3,13,0,8,2,0,2.5
C_V08_R2,22.9,3,13,0,8,17,12,7,2.8999999999999986
C_V08_R3,22.5,2,3,11,0,6,2,0,2.5
C_V08_R3,22.9,3,11,0,6,0,10,5,2.8999999999999986
C_V08_R4,22.5,2,3,0,0,9,2,0,2.5
C_V08_R5,22.5,2,3,14,0,6,2,0,2.5
C_V08_R5,22.9,3,14,7,6,0,13,5,2.8999999999999986
C_V08_R5,26.3,4,7,28,0,0,6,0,6.300000000000001
C_V08_R5,26.7,5,28,35,4,0,27,3,6.699999999999999
C_V08_R5,25.6,6,35,10,0,0,34,0,5.600000000000001
C_V08_R5,24.5,7,10,23,0,0,9,0,4.5
C_V08_R5,27.9,8,23,0,0,0,22,0,7.899999999999999
C_V09_R1,24,2,3,38,0,8,2,0,4
C_V09_R1,24.4,3,38,18,8,2,37,7,4.399999999999999
C_V09_R1,23.3,4,18,47,2,0,17,1,3.3000000000000007
C_V09_R1,25.2,5,47,2,4,0,46,3,5.199999999999999
C_V09_R1,27.1,6,2,0,0,0,1,0,7.100000000000001
C_V09_R2,24,2,3,5,0,7,2,0,4
C_V09_R2,24.4,3,5,10,7,8,4,6,4.399999999999999
C_V09_R2,23.3,4,10,37,8,1,9,7,3.3000000000000007
C_V09_R2,25.2,5,37,1,7,9,36,6,5.199999999999999
C_V09_R2,27.1,6,1,0,9,11,0,8,7.100000000000001
C_V09_R3,24,2,3,20,0,10,2,0,4
C_V09_R3,24.4,3,20,28,10,0,19,9,4.399999999999999
C_V09_R3,23.3,4,28,11,0,1,27,0,3.3000000000000007
C_V09_R3,25.2,5,11,18,7,1,10,6,5.199999999999999
C_V09_R3,27.1,6,18,8,1,3,17,0,7.100000000000001
C_V09_R3,27.5,7,8,5,3,0,7,2,7.5
C_V09_R3,27.9,8,5,0,0,0,4,0,7.899999999999999
C_V09_R4,24,2,3,0,0,9,2,0,4
C_V09_R5,24,2,3,1,0,9,2,0,4
C_V09_R5,24.4,3,1,0,9,5,0,8,4.399999999999999
C_V10_R1,22.5,2,3,21,0,10,2,0,2.5
C_V10_R1,24.4,3,21,14,10,3,20,9,4.399999999999999
C_V10_R1,24.8,4,14,41,3,0,13,2,4.800000000000001
C_V10_R1,26.7,5,41,16,6,3,40,5,6.699999999999999
C_V10_R1,25.6,6,16,9,3,2,15,2,5.600000000000001
C_V10_R1,24.5,7,9,36,2,0,8,1,4.5
C_V10_R1,26.4,8,36,18,0,0,35,0,6.399999999999999
C_V10_R1,26.8,9,18,0,4,0,17,3,6.800000000000001
C_V10_R2,22.5,2,3,8,0,10,2,0,2.5
C_V10_R2,24.4,3,8,4,10,0,7,9,4.399999999999999
C_V10_R2,24.8,4,4,37,0,0,3,0,4.800000000000001
C_V10_R2,26.7,5,37,33,4,1,36,3,6.699999999999999
C_V10_R2,25.6,6,33,6,1,5,32,0,5.600000000000001
C_V10_R2,24.5,7,6,20,5,2,5,4,4.5
C_V10_R2,26.4,8,20,0,2,0,19,1,6.399999999999999
C_V10_R3,22.5,2,3,3,0,10,2,0,2.5
C_V10_R3,24.4,3,3,4,10,6,2,9,4.399999999999999
C_V10_R3,24.8,4,4,0,6,40,3,5,4.800000000000001
C_V10_R4,22.5,2,3,12,0,9,2,0,2.5
C_V10_R4,24.4,3,12,0,9,6,11,8,4.399999999999999
C_V10_R5,22.5,2,3,14,0,10,2,0,2.5
C_V10_R5,24.4,3,14,12,10,0,13,9,4.399999999999999
C_V10_R5,24.8,4,12,30,0,0,11,0,4.800000000000001
C_V10_R5,26.7,5,30,40,4,0,29,3,6.699999999999999
C_V10_R5,25.6,6,40,0,0,0,39,0,5.600000000000001
C_V11_R1,25.5,2,3,15,0,5,2,0,5.5
C_V11_R1,22.9,3,15,31,5,0,14,4,2.8999999999999986
C_V11_R1,24.8,4,31,0,0,0,30,0,4.800000000000001
C_V11_R2,25.5,2,3,15,0,9,2,0,5.5
C_V11_R2,22.9,3,15,24,9,0,14,8,2.8999999999999986
C_V11_R2,24.8,4,24,39,0,0,23,0,4.800000000000001
C_V11_R2,25.2,5,39,28,4,0,38,3,5.199999999999999
C_V11_R2,25.6,6,28,15,0,0,27,0,5.600000000000001
C_V11_R2,24.5,7,15,39,0,0,14,0,4.5
C_V11_R2,26.4,8,39,22,0,0,38,0,6.399999999999999
C_V11_R2,26.8,9,22,0,4,0,21,3,6.800000000000001
C_V11_R3,25.5,2,3,13,0,11,2,0,5.5
C_V11_R3,22.9,3,13,24,11,1,12,10,2.8999999999999986
C_V11_R3,24.8,4,24,16,1,1,23,0,4.800000000000001
C_V11_R3,25.2,5,16,30,7,0,15,6,5.199999999999999
C_V11_R3,25.6,6,30,10,0,0,29,0,5.600000000000001
C_V11_R3,24.5,7,10,39,0,0,9,0,4.5
C_V11_R3,26.4,8,39,0,0,0,38,0,6.399999999999999
C_V11_R4,25.5,2,3,13,0,9,2,0,5.5
C_V11_R4,22.9,3,13,28,9,0,12,8,2.8999999999999986
C_V11_R4,24.8,4,28,16,0,0,27,0,4.800000000000001
C_V11_R4,25.2,5,16,27,4,0,15,3,5.199999999999999
C_V11_R4,25.6,6,27,48,0,0,26,0,5.600000000000001
C_V11_R4,24.5,7,48,25,0,0,47,0,4.5
C_V11_R4,26.4,8,25,5,0,0,24,0,6.399999999999999
C_V11_R4,26.8,9,5,0,4,18,4,3,6.800000000000001
C_V11_R5,25.5,2,3,33,0,9,2,0,5.5
C_V11_R5,22.9,3,33,20,9,0,32,8,2.8999999999999986
C_V11_R5,24.8,4,20,3,0,0,19,0,4.800000000000001
C_V11_R5,25.2,5,3,23,4,0,2,3,5.199999999999999
C_V11_R5,25.6,6,23,15,0,0,22,0,5.600000000000001
C_V11_R5,24.5,7,15,33,0,0,14,0,4.5
C_V11_R5,26.4,8,33,4,0,0,32,0,6.399999999999999
C_V11_R5,26.8,9,4,0,4,5,3,3,6.800000000000001
C_V12_R1,25.5,2,3,27,0,10,2,0,5.5
C_V12_R1,25.9,3,27,31,10,6,26,9,5.899999999999999
C_V12_R1,24.8,4,31,5,6,26,30,5,4.800000000000001
C_V12_R1,26.7,5,5,0,32,64,4,31,6.699999999999999
C_V12_R2,25.5,2,3,30,0,7,2,0,5.5
C_V12_R2,25.9,3,30,26,7,0,29,6,5.899999999999999
C_V12_R2,24.8,4,26,6,0,0,25,0,4.800000000000001
C_V12_R2,26.7,5,6,13,4,0,5,3,6.699999999999999
C_V12_R2,24.1,6,13,25,0,0,12,0,4.100000000000001
C_V12_R2,26,7,25,0,0,0,24,0,6
C_V12_R3,25.5,2,3,25,0,7,2,0,5.5
C_V12_R3,25.9,3,25,30,7,0,24,6,5.899999999999999
C_V12_R3,24.8,4,30,28,0,0,29,0,4.800000000000001
C_V12_R3,26.7,5,28,7,3,3,27,2,6.699999999999999
C_V12_R3,24.1,6,7,11,3,29,6,2,4.100000000000001
C_V12_R3,26,7,11,0,29,12,10,28,6
C_V12_R4,25.5,2,3,21,0,10,2,0,5.5
C_V12_R4,25.9,3,21,33,10,5,20,9,5.899999999999999
C_V12_R4,24.8,4,33,17,5,7,32,4,4.800000000000001
C_V12_R4,26.7,5,17,0,13,4,16,12,6.699999999999999
C_V12_R5,25.5,2,3,30,0,10,2,0,5.5
C_V12_R5,25.9,3,30,20,10,1,29,9,5.899999999999999
C_V12_R5,24.8,4,20,7,1,0,19,0,4.800000000000001
C_V12_R5,26.7,5,7,28,4,3,6,3,6.699999999999999
C_V12_R5,24.1,6,28,5,3,5,27,2,4.100000000000001
C_V12_R5,26,7,5,7,5,5,4,4,6
C_V12_R5,24.9,8,7,38,5,0,6,4,4.899999999999999
C_V12_R5,25.3,9,38,0,6,0,37,5,5.300000000000001
M_S_R1,24,2,3,38,0,0,2,0,4
M_S_R1,24.4,3,38,29,0,0,37,0,4.399999999999999
M_S_R1,24.8,4,29,25,0,0,28,0,4.800000000000001
M_S_R1,25.2,5,25,28,0,0,24,0,5.199999999999999
M_S_R1,25.6,6,28,9,0,0,27,0,5.600000000000001
M_S_R1,26,7,9,36,0,0,8,0,6
M_S_R1,26.4,8,36,5,0,0,35,0,6.399999999999999
M_S_R1,26.8,9,5,14,0,0,4,0,6.800000000000001
M_S_R1,27.2,10,14,0,0,0,13,0,7.199999999999999
M_S_R10,24,2,3,25,0,0,2,0,4
M_S_R10,24.4,3,25,14,0,0,24,0,4.399999999999999
M_S_R10,24.8,4,14,40,0,0,13,0,4.800000000000001
M_S_R10,25.2,5,40,34,0,0,39,0,5.199999999999999
M_S_R10,25.6,6,34,19,0,0,33,0,5.600000000000001
M_S_R10,26,7,19,1,0,0,18,0,6
M_S_R10,26.4,8,1,3,0,0,0,0,6.399999999999999
M_S_R10,26.8,9,3,15,0,0,2,0,6.800000000000001
M_S_R10,27.2,10,15,0,0,0,14,0,7.199999999999999
M_S_R11,24,2,3,19,0,0,2,0,4
M_S_R11,24.4,3,19,35,0,0,18,0,4.399999999999999
M_S_R11,24.8,4,35,11,0,0,34,0,4.800000000000001
M_S_R11,25.2,5,11,45,0,0,10,0,5.199999999999999
M_S_R11,25.6,6,45,27,0,0,44,0,5.600000000000001
M_S_R11,26,7,27,1,0,0,26,0,6
M_S_R11,26.4,8,1,1,0,0,0,0,6.399999999999999
M_S_R11,26.8,9,1,0,0,0,0,0,6.800000000000001
M_S_R12,24,2,3,26,0,0,2,0,4
M_S_R12,24.4,3,26,38,0,0,25,0,4.399999999999999
M_S_R12,24.8,4,38,15,0,0,37,0,4.800000000000001
M_S_R12,25.2,5,15,20,0,0,14,0,5.199999999999999
M_S_R12,25.6,6,20,33,0,0,19,0,5.600000000000001
M_S_R12,26,7,33,5,0,0,32,0,6
M_S_R12,26.4,8,5,0,0,0,4,0,6.399999999999999
M_S_R13,24,2,3,36,0,0,2,0,4
M_S_R13,24.4,3,36,7,0,0,35,0,4.399999999999999
M_S_R13,24.8,4,7,31,0,0,6,0,4.800000000000001
M_S_R13,25.2,5,31,21,0,0,30,0,5.199999999999999
M_S_R13,25.6,6,21,10,0,0,20,0,5.600000000000001
M_S_R13,26,7,10,16,0,0,9,0,6
M_S_R13,26.4,8,16,31,0,0,15,0,6.399999999999999
M_S_R13,26.8,9,31,0,0,0,30,0,6.800000000000001
M_S_R14,24,2,3,17,0,0,2,0,4
M_S_R14,24.4,3,17,0,0,0,16,0,4.399999999999999
M_S_R15,24,2,3,27,0,0,2,0,4
M_S_R15,24.4,3,27,31,0,0,26,0,4.399999999999999
M_S_R15,24.8,4,31,19,0,0,30,0,4.800000000000001
M_S_R15,25.2,5,19,15,0,0,18,0,5.199999999999999
M_S_R15,25.6,6,15,5,0,0,14,0,5.600000000000001
M_S_R15,26,7,5,18,0,0,4,0,6
M_S_R15,26.4,8,18,25,0,0,17,0,6.399999999999999
M_S_R15,26.8,9,25,15,0,0,24,0,6.800000000000001
M_S_R15,27.2,10,15,0,0,0,14,0,7.199999999999999
M_S_R16,24,2,3,24,0,0,2,0,4
M_S_R16,24.4,3,24,28,0,0,23,0,4.399999999999999
M_S_R16,24.8,4,28,17,0,0,27,0,4.800000000000001
M_S_R16,25.2,5,17,0,0,0,16,0,5.199999999999999
M_S_R17,24,2,3,12,0,0,2,0,4
M_S_R17,24.4,3,12,28,0,0,11,0,4.399999999999999
M_S_R17,24.8,4,28,14,0,0,27,0,4.800000000000001
M_S_R17,25.2,5,14,30,0,0,13,0,5.199999999999999
M_S_R17,25.6,6,30,14,0,0,29,0,5.600000000000001
M_S_R17,26,7,14,8,0,0,13,0,6
M_S_R17,26.4,8,8,29,0,0,7,0,6.399999999999999
M_S_R17,26.8,9,29,0,0,0,28,0,6.800000000000001
M_S_R18,24,2,3,48,0,0,2,0,4
M_S_R18,24.4,3,48,18,0,0,47,0,4.399999999999999
M_S_R18,24.8,4,18,3,0,0,17,0,4.800000000000001
M_S_R18,25.2,5,3,17,0,0,2,0,5.199999999999999
M_S_R18,25.6,6,17,9,0,0,16,0,5.600000000000001
M_S_R18,26,7,9,0,0,0,8,0,6
M_S_R19,24,2,3,21,0,0,2,0,4
M_S_R19,24.4,3,21,8,0,0,20,0,4.399999999999999
M_S_R19,24.8,4,8,9,0,0,7,0,4.800000000000001
M_S_R19,25.2,5,9,23,0,0,8,0,5.199999999999999
M_S_R19,25.6,6,23,38,0,0,22,0,5.600000000000001
M_S_R19,26,7,38,2,0,0,37,0,6
M_S_R19,26.4,8,2,2,0,0,1,0,6.399999999999999
M_S_R19,26.8,9,2,0,0,0,1,0,6.800000000000001
M_S_R2,24,2,3,27,0,0,2,0,4
M_S_R2,24.4,3,27,19,0,0,26,0,4.399999999999999
M_S_R2,24.8,4,19,0,0,0,18,0,4.800000000000001
M_S_R20,24,2,3,28,0,0,2,0,4
M_S_R20,24.4,3,28,1,0,0,27,0,4.399999999999999
M_S_R20,24.8,4,1,2,0,0,0,0,4.800000000000001
M_S_R20,25.2,5,2,39,0,0,1,0,5.199999999999999
M_S_R20,25.6,6,39,15,0,0,38,0,5.600000000000001
M_S_R20,26,7,15,7,0,0,14,0,6
M_S_R20,26.4,8,7,12,0,0,6,0,6.399999999999999
M_S_R20,26.8,9,12,0,0,0,11,0,6.800000000000001
M_S_R21,24,2,3,2,0,0,2,0,4
M_S_R21,24.4,3,2,26,0,0,1,0,4.399999999999999
M_S_R21,24.8,4,26,12,0,0,25,0,4.800000000000001
M_S_R21,25.2,5,12,34,0,0,11,0,5.199999999999999
M_S_R21,25.6,6,34,28,0,0,33,0,5.600000000000001
M_S_R21,26,7,28,2,0,0,27,0,6
M_S_R21,26.4,8,2,0,0,0,1,0,6.399999999999999
M_S_R22,24,2,3,29,0,0,2,0,4
M_S_R22,24.4,3,29,0,0,0,28,0,4.399999999999999
M_S_R23,24,2,3,35,0,0,2,0,4
M_S_R23,24.4,3,35,10,0,0,34,0,4.399999999999999
M_S_R23,24.8,4,10,2,0,0,9,0,4.800000000000001
M_S_R23,25.2,5,2,1,0,0,1,0,5.199999999999999
M_S_R23,25.6,6,1,0,0,0,0,0,5.600000000000001
M_S_R24,24,2,3,41,0,0,2,0,4
M_S_R24,24.4,3,41,14,0,0,40,0,4.399999999999999
M_S_R24,24.8,4,14,14,0,0,13,0,4.800000000000001
M_S_R24,25.2,5,14,21,0,0,13,0,5.199999999999999
M_S_R24,25.6,6,21,36,0,0,20,0,5.600000000000001
M_S_R24,26,7,36,12,0,0,35,0,6
M_S_R24,26.4,8,12,24,0,0,11,0,6.399999999999999
M_S_R24,26.8,9,24,0,0,0,23,0,6.800000000000001
M_S_R25,24,2,3,37,0,0,2,0,4
M_S_R25,24.4,3,37,4,0,0,36,0,4.399999999999999
M_S_R25,24.8,4,4,0,0,0,3,0,4.800000000000001
M_S_R26,24,2,3,8,0,0,2,0,4
M_S_R26,24.4,3,8,11,0,0,7,0,4.399999999999999
M_S_R26,24.8,4,11,0,0,0,10,0,4.800000000000001
M_S_R27,24,2,3,14,0,0,2,0,4
M_S_R27,24.4,3,14,27,0,0,13,0,4.399999999999999
M_S_R27,24.8,4,27,2,0,0,26,0,4.800000000000001
M_S_R27,25.2,5,2,30,0,0,1,0,5.199999999999999
M_S_R27,25.6,6,30,40,0,0,29,0,5.600000000000001
M_S_R27,26,7,40,3,0,0,39,0,6
M_S_R27,26.4,8,3,0,0,0,2,0,6.399999999999999
M_S_R28,24,2,3,14,0,0,2,0,4
M_S_R28,24.4,3,14,5,0,0,13,0,4.399999999999999
M_S_R28,24.8,4,5,0,0,0,4,0,4.800000000000001
M_S_R29,24,2,3,12,0,0,2,0,4
M_S_R29,24.4,3,12,38,0,0,11,0,4.399999999999999
M_S_R29,24.8,4,38,39,0,0,37,0,4.800000000000001
M_S_R29,25.2,5,39,28,0,0,38,0,5.199999999999999
M_S_R29,25.6,6,28,27,0,0,27,0,5.600000000000001
M_S_R29,26,7,27,2,0,0,26,0,6
M_S_R29,26.4,8,2,0,0,0,1,0,6.399999999999999
M_S_R3,24,2,3,31,0,0,2,0,4
M_S_R3,24.4,3,31,28,0,0,30,0,4.399999999999999
M_S_R3,24.8,4,28,12,0,0,27,0,4.800000000000001
M_S_R3,25.2,5,12,31,0,0,11,0,5.199999999999999
M_S_R3,25.6,6,31,37,0,0,30,0,5.600000000000001
M_S_R3,26,7,37,6,0,0,36,0,6
M_S_R3,26.4,8,6,15,0,0,5,0,6.399999999999999
M_S_R3,26.8,9,15,0,0,0,14,0,6.800000000000001
M_S_R30,24,2,3,31,0,0,2,0,4
M_S_R30,24.4,3,31,38,0,0,30,0,4.399999999999999
M_S_R30,24.8,4,38,29,0,0,37,0,4.800000000000001
M_S_R30,25.2,5,29,1,0,0,28,0,5.199999999999999
M_S_R30,25.6,6,1,0,0,0,0,0,5.600000000000001
M_S_R31,24,2,3,23,0,0,2,0,4
M_S_R31,24.4,3,23,24,0,0,22,0,4.399999999999999
M_S_R31,24.8,4,24,30,0,0,23,0,4.800000000000001
M_S_R31,25.2,5,30,14,0,0,29,0,5.199999999999999
M_S_R31,25.6,6,14,16,0,0,13,0,5.600000000000001
M_S_R31,26,7,16,6,0,0,15,0,6
M_S_R31,26.4,8,6,7,0,0,5,0,6.399999999999999
M_S_R31,26.8,9,7,0,0,0,6,0,6.800000000000001
M_S_R32,24,2,3,17,0,0,2,0,4
M_S_R32,24.4,3,17,21,0,0,16,0,4.399999999999999
M_S_R32,24.8,4,21,40,0,0,20,0,4.800000000000001
M_S_R32,25.2,5,40,7,0,0,39,0,5.199999999999999
M_S_R32,25.6,6,7,56,0,0,6,0,5.600000000000001
M_S_R32,26,7,56,1,0,0,55,0,6
M_S_R32,26.4,8,1,0,0,0,0,0,6.399999999999999
M_S_R33,24,2,3,29,0,0,2,0,4
M_S_R33,24.4,3,29,13,0,0,28,0,4.399999999999999
M_S_R33,24.8,4,13,29,0,0,12,0,4.800000000000001
M_S_R33,25.2,5,29,36,0,0,28,0,5.199999999999999
M_S_R33,25.6,6,36,30,0,0,35,0,5.600000000000001
M_S_R33,26,7,30,16,0,0,29,0,6
M_S_R33,26.4,8,16,24,0,0,15,0,6.399999999999999
M_S_R33,26.8,9,24,10,0,0,23,0,6.800000000000001
M_S_R33,27.2,10,10,0,0,0,9,0,7.199999999999999
M_S_R34,24,2,3,24,0,0,2,0,4
M_S_R34,24.4,3,24,24,0,0,23,0,4.399999999999999
M_S_R34,24.8,4,24,3,0,0,23,0,4.800000000000001
M_S_R34,25.2,5,3,14,0,0,2,0,5.199999999999999
M_S_R34,25.6,6,14,40,0,0,13,0,5.600000000000001
M_S_R34,26,7,40,0,0,0,39,0,6
M_S_R35,24,2,3,27,0,0,2,0,4
M_S_R35,24.4,3,27,34,0,0,26,0,4.399999999999999
M_S_R35,24.8,4,34,14,0,0,33,0,4.800000000000001
M_S_R35,25.2,5,14,5,0,0,13,0,5.199999999999999
M_S_R35,25.6,6,5,26,0,0,4,0,5.600000000000001
M_S_R35,26,7,26,0,0,0,25,0,6
M_S_R36,24,2,3,24,0,0,2,0,4
M_S_R36,24.4,3,24,28,0,0,23,0,4.399999999999999
M_S_R36,24.8,4,28,35,0,0,27,0,4.800000000000001
M_S_R36,25.2,5,35,36,0,0,34,0,5.199999999999999
M_S_R36,25.6,6,36,4,0,0,35,0,5.600000000000001
M_S_R36,26,7,4,20,0,0,3,0,6
M_S_R36,26.4,8,20,16,0,0,19,0,6.399999999999999
M_S_R36,26.8,9,16,5,0,0,15,0,6.800000000000001
M_S_R36,27.2,10,5,0,0,0,4,0,7.199999999999999
M_S_R37,24,2,3,9,0,0,2,0,4
M_S_R37,24.4,3,9,17,0,0,8,0,4.399999999999999
M_S_R37,24.8,4,17,9,0,0,16,0,4.800000000000001
M_S_R37,25.2,5,9,0,0,0,8,0,5.199999999999999
M_S_R38,24,2,3,31,0,0,2,0,4
M_S_R38,24.4,3,31,30,0,0,30,0,4.399999999999999
M_S_R38,24.8,4,30,23,0,0,29,0,4.800000000000001
M_S_R38,25.2,5,23,27,0,0,22,0,5.199999999999999
M_S_R38,25.6,6,27,32,0,0,26,0,5.600000000000001
M_S_R38,26,7,32,13,0,0,31,0,6
M_S_R38,26.4,8,13,13,0,0,12,0,6.399999999999999
M_S_R38,26.8,9,13,2,0,0,12,0,6.800000000000001
M_S_R38,27.2,10,2,0,0,0,1,0,7.199999999999999
M_S_R39,24,2,3,15,0,0,2,0,4
M_S_R39,24.4,3,15,23,0,0,14,0,4.399999999999999
M_S_R39,24.8,4,23,7,0,0,22,0,4.800000000000001
M_S_R39,25.2,5,7,16,0,0,6,0,5.199999999999999
M_S_R39,25.6,6,16,20,0,0,15,0,5.600000000000001
M_S_R39,26,7,20,2,0,0,19,0,6
M_S_R39,26.4,8,2,41,0,0,1,0,6.399999999999999
M_S_R39,26.8,9,41,0,0,0,40,0,6.800000000000001
M_S_R4,24,2,3,31,0,0,2,0,4
M_S_R4,24.4,3,31,33,0,0,30,0,4.399999999999999
M_S_R4,24.8,4,33,15,0,0,32,0,4.800000000000001
M_S_R4,25.2,5,15,32,0,0,14,0,5.199999999999999
M_S_R4,25.6,6,32,31,0,0,31,0,5.600000000000001
M_S_R4,26,7,31,20,0,0,30,0,6
M_S_R4,26.4,8,20,19,0,0,19,0,6.399999999999999
M_S_R4,26.8,9,19,4,0,0,18,0,6.800000000000001
M_S_R4,27.2,10,4,0,0,0,3,0,7.199999999999999
M_S_R40,24,2,3,34,0,0,2,0,4
M_S_R40,24.4,3,34,9,0,0,33,0,4.399999999999999
M_S_R40,24.8,4,9,0,0,0,8,0,4.800000000000001
M_S_R41,24,2,3,9,0,0,2,0,4
M_S_R41,24.4,3,9,34,0,0,8,0,4.399999999999999
M_S_R41,24.8,4,34,41,0,0,33,0,4.800000000000001
M_S_R41,25.2,5,41,44,0,0,40,0,5.199999999999999
M_S_R41,25.6,6,44,16,0,0,43,0,5.600000000000001
M_S_R41,26,7,16,5,0,0,15,0,6
M_S_R41,26.4,8,5,21,0,0,4,0,6.399999999999999
M_S_R41,26.8,9,21,0,0,0,20,0,6.800000000000001
M_S_R42,24,2,3,12,0,0,2,0,4
M_S_R42,24.4,3,12,15,0,0,11,0,4.399999999999999
M_S_R42,24.8,4,15,38,0,0,14,0,4.800000000000001
M_S_R42,25.2,5,38,13,0,0,37,0,5.199999999999999
M_S_R42,25.6,6,13,36,0,0,12,0,5.600000000000001
M_S_R42,26,7,36,4,0,0,35,0,6
M_S_R42,26.4,8,4,34,0,0,3,0,6.399999999999999
M_S_R42,26.8,9,34,1,0,0,33,0,6.800000000000001
M_S_R42,27.2,10,1,0,0,0,0,0,7.199999999999999
M_S_R43,24,2,3,27,0,0,2,0,4
M_S_R43,24.4,3,27,3,0,0,26,0,4.399999999999999
M_S_R43,24.8,4,3,29,0,0,2,0,4.800000000000001
M_S_R43,25.2,5,29,0,0,0,28,0,5.199999999999999
M_S_R44,24,2,3,8,0,0,2,0,4
M_S_R44,24.4,3,8,8,0,0,7,0,4.399999999999999
M_S_R44,24.8,4,8,35,0,0,7,0,4.800000000000001
M_S_R44,25.2,5,35,31,0,0,34,0,5.199999999999999
M_S_R44,25.6,6,31,15,0,0,30,0,5.600000000000001
M_S_R44,26,7,15,9,0,0,14,0,6
M_S_R44,26.4,8,9,27,0,0,8,0,6.399999999999999
M_S_R44,26.8,9,27,1,0,0,26,0,6.800000000000001
M_S_R44,27.2,10,1,0,0,0,0,0,7.199999999999999
M_S_R45,24,2,3,7,0,0,2,0,4
M_S_R45,24.4,3,7,32,0,0,6,0,4.399999999999999
M_S_R45,24.8,4,32,42,0,0,31,0,4.800000000000001
M_S_R45,25.2,5,42,38,0,0,41,0,5.199999999999999
M_S_R45,25.6,6,38,34,0,0,37,0,5.600000000000001
M_S_R45,26,7,34,11,0,0,33,0,6
M_S_R45,26.4,8,11,34,0,0,10,0,6.399999999999999
M_S_R45,26.8,9,34,0,0,0,33,0,6.800000000000001
M_S_R46,24,2,3,2,0,0,2,0,4
M_S_R46,24.4,3,2,3,0,0,1,0,4.399999999999999
M_S_R46,24.8,4,3,4,0,0,2,0,4.800000000000001
M_S_R46,25.2,5,4,31,0,0,3,0,5.199999999999999
M_S_R46,25.6,6,31,36,0,0,30,0,5.600000000000001
M_S_R46,26,7,36,3,0,0,35,0,6
M_S_R46,26.4,8,3,0,0,0,2,0,6.399999999999999
M_S_R47,24,2,3,17,0,0,2,0,4
M_S_R47,24.4,3,17,34,0,0,16,0,4.399999999999999
M_S_R47,24.8,4,34,16,0,0,33,0,4.800000000000001
M_S_R47,25.2,5,16,38,0,0,15,0,5.199999999999999
M_S_R47,25.6,6,38,21,0,0,37,0,5.600000000000001
M_S_R47,26,7,21,10,0,0,20,0,6
M_S_R47,26.4,8,10,20,0,0,9,0,6.399999999999999
M_S_R47,26.8,9,20,0,0,0,19,0,6.800000000000001
M_S_R48,24,2,3,20,0,0,2,0,4
M_S_R48,24.4,3,20,15,0,0,19,0,4.399999999999999
M_S_R48,24.8,4,15,27,0,0,14,0,4.800000000000001
M_S_R48,25.2,5,27,15,0,0,26,0,5.199999999999999
M_S_R48,25.6,6,15,38,0,0,14,0,5.600000000000001
M_S_R48,26,7,38,1,0,0,37,0,6
M_S_R48,26.4,8,1,0,0,0,0,0,6.399999999999999
M_S_R49,24,2,3,36,0,0,2,0,4
M_S_R49,24.4,3,36,34,0,0,35,0,4.399999999999999
M_S_R49,24.8,4,34,47,0,0,33,0,4.800000000000001
M_S_R49,25.2,5,47,32,0,0,46,0,5.199999999999999
M_S_R49,25.6,6,32,34,0,0,31,0,5.600000000000001
M_S_R49,26,7,34,4,0,0,33,0,6
M_S_R49,26.4,8,4,20,0,0,3,0,6.399999999999999
M_S_R49,26.8,9,20,1,0,0,19,0,6.800000000000001
M_S_R49,27.2,10,1,0,0,0,0,0,7.199999999999999
M_S_R5,24,2,3,33,0,0,2,0,4
M_S_R5,24.4,3,33,42,0,0,32,0,4.399999999999999
M_S_R5,24.8,4,42,25,0,0,41,0,4.800000000000001
M_S_R5,25.2,5,25,13,0,0,24,0,5.199999999999999
M_S_R5,25.6,6,13,57,0,0,12,0,5.600000000000001
M_S_R5,26,7,57,13,0,0,56,0,6
M_S_R5,26.4,8,13,14,0,0,12,0,6.399999999999999
M_S_R5,26.8,9,14,7,0,0,13,0,6.800000000000001
M_S_R5,27.2,10,7,0,0,0,6,0,7.199999999999999
M_S_R50,24,2,3,31,0,0,2,0,4
M_S_R50,24.4,3,31,33,0,0,30,0,4.399999999999999
M_S_R50,24.8,4,33,36,0,0,32,0,4.800000000000001
M_S_R50,25.2,5,36,0,0,0,35,0,5.199999999999999
M_S_R51,24,2,3,26,0,0,2,0,4
M_S_R51,24.4,3,26,29,0,0,25,0,4.399999999999999
M_S_R51,24.8,4,29,38,0,0,28,0,4.800000000000001
M_S_R51,25.2,5,38,40,0,0,37,0,5.199999999999999
M_S_R51,25.6,6,40,9,0,0,39,0,5.600000000000001
M_S_R51,26,7,9,16,0,0,8,0,6
M_S_R51,26.4,8,16,20,0,0,15,0,6.399999999999999
M_S_R51,26.8,9,20,10,0,0,19,0,6.800000000000001
M_S_R51,27.2,10,10,0,0,0,9,0,7.199999999999999
M_S_R52,24,2,3,22,0,0,2,0,4
M_S_R52,24.4,3,22,0,0,0,21,0,4.399999999999999
M_S_R53,24,2,3,24,0,0,2,0,4
M_S_R53,24.4,3,24,0,0,0,23,0,4.399999999999999
M_S_R54,24,2,3,26,0,0,2,0,4
M_S_R54,24.4,3,26,34,0,0,25,0,4.399999999999999
M_S_R54,24.8,4,34,43,0,0,33,0,4.800000000000001
M_S_R54,25.2,5,43,21,0,0,42,0,5.199999999999999
M_S_R54,25.6,6,21,36,0,0,20,0,5.600000000000001
M_S_R54,26,7,36,3,0,0,35,0,6
M_S_R54,26.4,8,3,0,0,0,2,0,6.399999999999999
M_S_R55,24,2,3,17,0,0,2,0,4
M_S_R55,24.4,3,17,29,0,0,16,0,4.399999999999999
M_S_R55,24.8,4,29,29,0,0,28,0,4.800000000000001
M_S_R55,25.2,5,29,31,0,0,28,0,5.199999999999999
M_S_R55,25.6,6,31,12,0,0,30,0,5.600000000000001
M_S_R55,26,7,12,4,0,0,11,0,6
M_S_R55,26.4,8,4,8,0,0,3,0,6.399999999999999
M_S_R55,26.8,9,8,1,0,0,7,0,6.800000000000001
M_S_R55,27.2,10,1,0,0,0,0,0,7.199999999999999
M_S_R56,24,2,3,0,0,0,2,0,4
M_S_R57,24,2,3,1,0,0,2,0,4
M_S_R57,24.4,3,1,0,0,0,0,0,4.399999999999999
M_S_R58,24,2,3,34,0,0,2,0,4
M_S_R58,24.4,3,34,25,0,0,33,0,4.399999999999999
M_S_R58,24.8,4,25,35,0,0,24,0,4.800000000000001
M_S_R58,25.2,5,35,31,0,0,34,0,5.199999999999999
M_S_R58,25.6,6,31,20,0,0,30,0,5.600000000000001
M_S_R58,26,7,20,0,0,0,19,0,6
M_S_R59,24,2,3,20,0,0,2,0,4
M_S_R59,24.4,3,20,20,0,0,19,0,4.399999999999999
M_S_R59,24.8,4,20,8,0,0,19,0,4.800000000000001
M_S_R59,25.2,5,8,4,0,0,7,0,5.199999999999999
M_S_R59,25.6,6,4,0,0,0,3,0,5.600000000000001
M_S_R6,24,2,3,23,0,0,2,0,4
M_S_R6,24.4,3,23,29,0,0,22,0,4.399999999999999
M_S_R6,24.8,4,29,38,0,0,28,0,4.800000000000001
M_S_R6,25.2,5,38,32,0,0,37,0,5.199999999999999
M_S_R6,25.6,6,32,47,0,0,31,0,5.600000000000001
M_S_R6,26,7,47,7,0,0,46,0,6
M_S_R6,26.4,8,7,29,0,0,6,0,6.399999999999999
M_S_R6,26.8,9,29,7,0,0,28,0,6.800000000000001
M_S_R6,27.2,10,7,0,0,0,6,0,7.199999999999999
M_S_R60,24,2,3,26,0,0,2,0,4
M_S_R60,24.4,3,26,35,0,0,25,0,4.399999999999999
M_S_R60,24.8,4,35,17,0,0,34,0,4.800000000000001
M_S_R60,25.2,5,17,31,0,0,16,0,5.199999999999999
M_S_R60,25.6,6,31,41,0,0,30,0,5.600000000000001
M_S_R60,26,7,41,3,0,0,40,0,6
M_S_R60,26.4,8,3,0,0,0,2,0,6.399999999999999
M_S_R7,24,2,3,4,0,0,2,0,4
M_S_R7,24.4,3,4,0,0,0,3,0,4.399999999999999
M_S_R8,24,2,3,51,0,0,2,0,4
M_S_R8,24.4,3,51,23,0,0,50,0,4.399999999999999
M_S_R8,24.8,4,23,36,0,0,22,0,4.800000000000001
M_S_R8,25.2,5,36,38,0,0,35,0,5.199999999999999
M_S_R8,25.6,6,38,15,0,0,37,0,5.600000000000001
M_S_R8,26,7,15,10,0,0,14,0,6
M_S_R8,26.4,8,10,17,0,0,9,0,6.399999999999999
M_S_R8,26.8,9,17,0,0,0,16,0,6.800000000000001
M_S_R9,24,2,3,15,0,0,2,0,4
M_S_R9,24.4,3,15,37,0,0,14,0,4.399999999999999
M_S_R9,24.8,4,37,35,0,0,36,0,4.800000000000001
M_S_R9,25.2,5,35,24,0,0,34,0,5.199999999999999
M_S_R9,25.6,6,24,5,0,0,23,0,5.600000000000001
M_S_R9,26,7,5,2,0,0,4,0,6
M_S_R9,26.4,8,2,5,0,0,1,0,6.399999999999999
M_S_R9,26.8,9,5,7,0,0,4,0,6.800000000000001
M_S_R9,27.2,10,7,0,0,0,6,0,7.199999999999999
M_V01_R1,24,2,3,16,0,0,2,0,4
M_V01_R1,24.4,3,16,21,0,0,15,0,4.399999999999999
M_V01_R1,26.3,4,21,23,0,0,20,0,6.300000000000001
M_V01_R1,23.7,5,23,14,0,0,22,0,3.6999999999999993
M_V01_R1,25.6,6,14,54,0,0,13,0,5.600000000000001
M_V01_R1,27.5,7,54,4,0,0,53,0,7.5
M_V01_R1,24.9,8,4,0,0,0,3,0,4.899999999999999
M_V01_R2,24,2,3,29,0,0,2,0,4
M_V01_R2,24.4,3,29,37,0,0,28,0,4.399999999999999
M_V01_R2,26.3,4,37,22,0,0,36,0,6.300000000000001
M_V01_R2,23.7,5,22,24,0,0,21,0,3.6999999999999993
M_V01_R2,25.6,6,24,15,0,0,23,0,5.600000000000001
M_V01_R2,27.5,7,15,4,0,0,14,0,7.5
M_V01_R2,24.9,8,4,0,0,0,3,0,4.899999999999999
M_V01_R3,24,2,3,37,0,0,2,0,4
M_V01_R3,24.4,3,37,10,0,0,36,0,4.399999999999999
M_V01_R3,26.3,4,10,6,0,0,9,0,6.300000000000001
M_V01_R3,23.7,5,6,32,0,0,5,0,3.6999999999999993
M_V01_R3,25.6,6,32,25,0,0,31,0,5.600000000000001
M_V01_R3,27.5,7,25,0,0,0,24,0,7.5
M_V01_R4,24,2,3,34,0,0,2,0,4
M_V01_R4,24.4,3,34,28,0,0,33,0,4.399999999999999
M_V01_R4,26.3,4,28,33,0,0,27,0,6.300000000000001
M_V01_R4,23.7,5,33,38,0,0,32,0,3.6999999999999993
M_V01_R4,25.6,6,38,9,0,0,37,0,5.600000000000001
M_V01_R4,27.5,7,9,21,0,0,8,0,7.5
M_V01_R4,24.9,8,21,0,0,0,20,0,4.899999999999999
M_V01_R5,24,2,3,37,0,0,2,0,4
M_V01_R5,24.4,3,37,40,0,0,36,0,4.399999999999999
M_V01_R5,26.3,4,40,7,0,0,39,0,6.300000000000001
M_V01_R5,23.7,5,7,28,0,0,6,0,3.6999999999999993
M_V01_R5,25.6,6,28,14,0,0,27,0,5.600000000000001
M_V01_R5,27.5,7,14,1,0,0,13,0,7.5
M_V01_R5,24.9,8,1,0,0,0,0,0,4.899999999999999
M_V02_R1,25.5,2,3,37,0,0,2,0,5.5
M_V02_R1,25.9,3,37,2,0,0,36,0,5.899999999999999
M_V02_R1,23.3,4,2,0,0,0,1,0,3.3000000000000007
M_V02_R2,25.5,2,3,45,0,0,2,0,5.5
M_V02_R2,25.9,3,45,1,0,0,44,0,5.899999999999999
M_V02_R2,23.3,4,1,0,0,0,0,0,3.3000000000000007
M_V02_R3,25.5,2,3,22,0,0,2,0,5.5
M_V02_R3,25.9,3,22,43,0,0,21,0,5.899999999999999
M_V02_R3,23.3,4,43,1,0,0,42,0,3.3000000000000007
M_V02_R3,25.2,5,1,8,0,0,0,0,5.199999999999999
M_V02_R3,24.1,6,8,34,0,0,7,0,4.100000000000001
M_V02_R3,24.5,7,34,4,0,0,33,0,4.5
M_V02_R3,27.9,8,4,4,0,0,3,0,7.899999999999999
M_V02_R3,28.3,9,4,0,0,0,3,0,8.3
M_V02_R4,25.5,2,3,48,0,0,2,0,5.5
M_V02_R4,25.9,3,48,0,0,0,47,0,5.899999999999999
M_V02_R5,25.5,2,3,29,0,0,2,0,5.5
M_V02_R5,25.9,3,29,14,0,0,28,0,5.899999999999999
M_V02_R5,23.3,4,14,4,0,0,13,0,3.3000000000000007
M_V02_R5,25.2,5,4,0,0,0,3,0,5.199999999999999
M_V03_R1,22.5,2,3,4,0,0,2,0,2.5
M_V03_R1,25.9,3,4,0,0,0,3,0,5.899999999999999
M_V03_R1,27.9,8,20,0,0,0,19,0,7.899999999999999
M_V03_R2,22.5,2,3,7,0,0,2,0,2.5
M_V03_R2,25.9,3,7,0,0,0,6,0,5.899999999999999
M_V03_R3,22.5,2,3,16,0,0,2,0,2.5
M_V03_R3,25.9,3,16,26,0,0,15,0,5.899999999999999
M_V03_R3,23.3,4,26,2,0,0,25,0,3.3000000000000007
M_V03_R3,25.2,5,2,0,0,0,1,0,5.199999999999999
M_V03_R4,22.5,2,3,0,0,0,2,0,2.5
M_V03_R5,22.5,2,3,21,0,0,2,0,2.5
M_V03_R5,25.9,3,21,18,0,0,20,0,5.899999999999999
M_V03_R5,23.3,4,18,28,0,0,17,0,3.3000000000000007
M_V03_R5,25.2,5,28,38,0,0,27,0,5.199999999999999
M_V03_R5,24.1,6,38,14,0,0,37,0,4.100000000000001
M_V03_R5,26,7,14,2,0,0,13,0,6
M_V03_R5,27.9,8,2,7,0,0,1,0,7.899999999999999
M_V03_R5,28.3,9,7,0,0,0,6,0,8.3
M_V04_R1,24,2,3,4,0,0,2,0,4
M_V04_R1,25.9,3,4,0,0,0,3,0,5.899999999999999
M_V04_R2,24,2,3,39,0,0,2,0,4
M_V04_R2,25.9,3,39,19,0,0,38,0,5.899999999999999
M_V04_R2,23.3,4,19,0,0,0,18,0,3.3000000000000007
M_V04_R3,24,2,3,6,0,0,2,0,4
M_V04_R3,25.9,3,6,0,0,0,5,0,5.899999999999999
M_V04_R4,24,2,3,18,0,0,2,0,4
M_V04_R4,25.9,3,18,19,0,0,17,0,5.899999999999999
M_V04_R4,23.3,4,19,14,0,0,18,0,3.3000000000000007
M_V04_R4,23.7,5,14,0,0,0,13,0,3.6999999999999993
M_V04_R5,24,2,3,5,0,0,2,0,4
M_V04_R5,25.9,3,5,0,0,0,4,0,5.899999999999999
M_V05_R1,22.5,2,3,3,0,0,2,0,2.5
M_V05_R1,22.9,3,3,19,0,0,2,0,2.8999999999999986
M_V05_R1,26.3,4,19,0,0,0,18,0,6.300000000000001
M_V05_R2,22.5,2,3,11,0,0,2,0,2.5
M_V05_R2,22.9,3,11,16,0,0,10,0,2.8999999999999986
M_V05_R2,26.3,4,16,0,0,0,15,0,6.300000000000001
M_V05_R3,22.5,2,3,10,0,0,2,0,2.5
M_V05_R3,22.9,3,10,0,0,0,9,0,2.8999999999999986
M_V05_R4,22.5,2,3,11,0,0,2,0,2.5
M_V05_R4,22.9,3,11,11,0,0,10,0,2.8999999999999986
M_V05_R4,26.3,4,11,3,0,0,10,0,6.300000000000001
M_V05_R4,23.7,5,3,5,0,0,2,0,3.6999999999999993
M_V05_R4,27.1,6,5,6,0,0,4,0,7.100000000000001
M_V05_R4,27.5,7,6,0,0,0,5,0,7.5
M_V05_R5,22.5,2,3,8,0,0,2,0,2.5
M_V05_R5,22.9,3,8,0,0,0,7,0,2.8999999999999986
M_V06_R1,25.5,2,3,25,0,0,2,0,5.5
M_V06_R1,22.9,3,25,6,0,0,24,0,2.8999999999999986
M_V06_R1,26.3,4,6,0,0,0,5,0,6.300000000000001
M_V06_R2,25.5,2,3,40,0,0,2,0,5.5
M_V06_R2,22.9,3,40,10,0,0,39,0,2.8999999999999986
M_V06_R2,26.3,4,10,11,0,0,9,0,6.300000000000001
M_V06_R2,26.7,5,11,17,0,0,10,0,6.699999999999999
M_V06_R2,24.1,6,17,14,0,0,16,0,4.100000000000001
M_V06_R2,26,7,14,0,0,0,13,0,6
M_V06_R3,25.5,2,3,43,0,0,2,0,5.5
M_V06_R3,22.9,3,43,19,0,0,42,0,2.8999999999999986
M_V06_R3,26.3,4,19,18,0,0,18,0,6.300000000000001
M_V06_R3,26.7,5,18,46,0,0,17,0,6.699999999999999
M_V06_R3,24.1,6,46,9,0,0,45,0,4.100000000000001
M_V06_R3,26,7,9,0,0,0,8,0,6
M_V06_R4,25.5,2,3,3,0,0,2,0,5.5
M_V06_R4,22.9,3,3,0,0,0,2,0,2.8999999999999986
M_V06_R5,25.5,2,3,44,0,0,2,0,5.5
M_V06_R5,22.9,3,44,4,0,0,43,0,2.8999999999999986
M_V06_R5,26.3,4,4,0,0,0,3,0,6.300000000000001
M_V07_R1,24,2,3,0,0,0,2,0,4
M_V07_R2,24,2,3,7,0,0,2,0,4
M_V07_R2,24.4,3,7,49,0,0,6,0,4.399999999999999
M_V07_R2,24.8,4,49,23,0,0,48,0,4.800000000000001
M_V07_R2,23.7,5,23,26,0,0,22,0,3.6999999999999993
M_V07_R2,27.1,6,26,9,0,0,25,0,7.100000000000001
M_V07_R2,27.5,7,9,0,0,0,8,0,7.5
M_V07_R3,24,2,3,20,0,0,2,0,4
M_V07_R3,24.4,3,20,12,0,0,19,0,4.399999999999999
M_V07_R3,24.8,4,12,40,0,0,11,0,4.800000000000001
M_V07_R3,23.7,5,40,44,0,0,39,0,3.6999999999999993
M_V07_R3,27.1,6,44,15,0,0,43,0,7.100000000000001
M_V07_R3,27.5,7,15,0,0,0,14,0,7.5
M_V07_R4,24,2,3,15,0,0,2,0,4
M_V07_R4,24.4,3,15,32,0,0,14,0,4.399999999999999
M_V07_R4,24.8,4,32,28,0,0,31,0,4.800000000000001
M_V07_R4,23.7,5,28,40,0,0,27,0,3.6999999999999993
M_V07_R4,27.1,6,40,0,0,0,39,0,7.100000000000001
M_V07_R5,24,2,3,3,0,0,2,0,4
M_V07_R5,24.4,3,3,32,0,0,2,0,4.399999999999999
M_V07_R5,24.8,4,32,43,0,0,31,0,4.800000000000001
M_V07_R5,23.7,5,43,50,0,0,42,0,3.6999999999999993
M_V07_R5,27.1,6,50,12,0,0,49,0,7.100000000000001
M_V07_R5,27.5,7,12,3,0,0,11,0,7.5
M_V07_R5,24.9,8,3,0,0,0,2,0,4.899999999999999
M_V08_R1,22.5,2,3,8,0,0,2,0,2.5
M_V08_R1,22.9,3,8,4,0,0,7,0,2.8999999999999986
M_V08_R1,26.3,4,4,2,0,0,3,0,6.300000000000001
M_V08_R1,26.7,5,2,8,0,0,1,0,6.699999999999999
M_V08_R1,25.6,6,8,8,0,0,7,0,5.600000000000001
M_V08_R1,24.5,7,8,39,0,0,7,0,4.5
M_V08_R1,27.9,8,39,0,0,0,38,0,7.899999999999999
M_V08_R2,22.5,2,3,3,0,0,2,0,2.5
M_V08_R2,22.9,3,3,0,0,0,2,0,2.8999999999999986
M_V08_R3,22.5,2,3,11,0,0,2,0,2.5
M_V08_R3,22.9,3,11,0,0,0,10,0,2.8999999999999986
M_V08_R4,22.5,2,3,0,0,0,2,0,2.5
M_V08_R5,22.5,2,3,14,0,0,2,0,2.5
M_V08_R5,22.9,3,14,6,0,0,13,0,2.8999999999999986
M_V08_R5,26.3,4,6,1,0,0,5,0,6.300000000000001
M_V08_R5,26.7,5,1,0,0,0,0,0,6.699999999999999
M_V09_R1,24,2,3,37,0,0,2,0,4
M_V09_R1,24.4,3,37,30,0,0,36,0,4.399999999999999
M_V09_R1,23.3,4,30,38,0,0,29,0,3.3000000000000007
M_V09_R1,25.2,5,38,29,0,0,37,0,5.199999999999999
M_V09_R1,27.1,6,29,28,0,0,28,0,7.100000000000001
M_V09_R1,27.5,7,28,0,0,0,27,0,7.5
M_V09_R2,24,2,3,19,0,0,2,0,4
M_V09_R2,24.4,3,19,35,0,0,18,0,4.399999999999999
M_V09_R2,23.3,4,35,16,0,0,34,0,3.3000000000000007
M_V09_R2,25.2,5,16,20,0,0,15,0,5.199999999999999
M_V09_R2,27.1,6,20,34,0,0,19,0,7.100000000000001
M_V09_R2,27.5,7,34,0,0,0,33,0,7.5
M_V09_R3,24,2,3,21,0,0,2,0,4
M_V09_R3,24.4,3,21,0,0,0,20,0,4.399999999999999
M_V09_R4,24,2,3,17,0,0,2,0,4
M_V09_R4,24.4,3,17,28,0,0,16,0,4.399999999999999
M_V09_R4,23.3,4,28,5,0,0,27,0,3.3000000000000007
M_V09_R4,25.2,5,5,0,0,0,4,0,5.199999999999999
M_V09_R5,24,2,3,39,0,0,2,0,4
M_V09_R5,24.4,3,39,26,0,0,38,0,4.399999999999999
M_V09_R5,23.3,4,26,28,0,0,25,0,3.3000000000000007
M_V09_R5,25.2,5,28,20,0,0,27,0,5.199999999999999
M_V09_R5,27.1,6,20,33,0,0,19,0,7.100000000000001
M_V09_R5,27.5,7,33,0,0,0,32,0,7.5
M_V10_R1,22.5,2,3,8,0,0,2,0,2.5
M_V10_R1,24.4,3,8,9,0,0,7,0,4.399999999999999
M_V10_R1,24.8,4,9,4,0,0,8,0,4.800000000000001
M_V10_R1,26.7,5,4,11,0,0,3,0,6.699999999999999
M_V10_R1,25.6,6,11,0,0,0,10,0,5.600000000000001
M_V10_R2,22.5,2,3,6,0,0,2,0,2.5
M_V10_R2,24.4,3,6,13,0,0,5,0,4.399999999999999
M_V10_R2,24.8,4,13,31,0,0,12,0,4.800000000000001
M_V10_R2,26.7,5,31,25,0,0,30,0,6.699999999999999
M_V10_R2,25.6,6,25,12,0,0,24,0,5.600000000000001
M_V10_R2,24.5,7,12,27,0,0,11,0,4.5
M_V10_R2,26.4,8,27,14,0,0,26,0,6.399999999999999
M_V10_R2,26.8,9,14,11,0,0,13,0,6.800000000000001
M_V10_R2,27.2,10,11,0,0,0,10,0,7.199999999999999
M_V10_R3,22.5,2,3,11,0,0,2,0,2.5
M_V10_R3,24.4,3,11,2,0,0,10,0,4.399999999999999
M_V10_R3,24.8,4,2,25,0,0,1,0,4.800000000000001
M_V10_R3,26.7,5,25,28,0,0,24,0,6.699999999999999
M_V10_R3,25.6,6,28,5,0,0,27,0,5.600000000000001
M_V10_R3,24.5,7,5,33,0,0,4,0,4.5
M_V10_R3,26.4,8,33,4,0,0,32,0,6.399999999999999
M_V10_R3,26.8,9,4,1,0,0,3,0,6.800000000000001
M_V10_R3,27.2,10,1,0,0,0,0,0,7.199999999999999
M_V10_R4,22.5,2,3,8,0,0,2,0,2.5
M_V10_R4,24.4,3,8,0,0,0,7,0,4.399999999999999
M_V10_R5,22.5,2,3,17,0,0,2,0,2.5
M_V10_R5,24.4,3,17,0,0,0,16,0,4.399999999999999
M_V11_R1,25.5,2,3,3,0,0,2,0,5.5
M_V11_R1,22.9,3,3,20,0,0,2,0,2.8999999999999986
M_V11_R1,24.8,4,20,32,0,0,19,0,4.800000000000001
M_V11_R1,25.2,5,32,21,0,0,31,0,5.199999999999999
M_V11_R1,25.6,6,21,30,0,0,20,0,5.600000000000001
M_V11_R1,24.5,7,30,22,0,0,29,0,4.5
M_V11_R1,26.4,8,22,1,0,0,21,0,6.399999999999999
M_V11_R1,26.8,9,1,0,0,0,0,0,6.800000000000001
M_V11_R2,25.5,2,3,5,0,0,2,0,5.5
M_V11_R2,22.9,3,5,18,0,0,4,0,2.8999999999999986
M_V11_R2,24.8,4,18,4,0,0,17,0,4.800000000000001
M_V11_R2,25.2,5,4,34,0,0,3,0,5.199999999999999
M_V11_R2,25.6,6,34,17,0,0,33,0,5.600000000000001
M_V11_R2,24.5,7,17,11,0,0,16,0,4.5
M_V11_R2,26.4,8,11,7,0,0,10,0,6.399999999999999
M_V11_R2,26.8,9,7,1,0,0,6,0,6.800000000000001
M_V11_R2,28.7,10,1,0,0,0,0,0,8.7
M_V11_R3,25.5,2,3,16,0,0,2,0,5.5
M_V11_R3,22.9,3,16,0,0,0,15,0,2.8999999999999986
M_V11_R4,25.5,2,3,1,0,0,2,0,5.5
M_V11_R4,22.9,3,1,9,0,0,0,0,2.8999999999999986
M_V11_R4,24.8,4,9,11,0,0,8,0,4.800000000000001
M_V11_R4,25.2,5,11,29,0,0,10,0,5.199999999999999
M_V11_R4,25.6,6,29,2,0,0,28,0,5.600000000000001
M_V11_R4,24.5,7,2,8,0,0,1,0,4.5
M_V11_R4,26.4,8,8,15,0,0,7,0,6.399999999999999
M_V11_R4,26.8,9,15,0,0,0,14,0,6.800000000000001
M_V11_R5,25.5,2,3,4,0,0,2,0,5.5
M_V11_R5,22.9,3,4,12,0,0,3,0,2.8999999999999986
M_V11_R5,24.8,4,12,0,0,0,11,0,4.800000000000001
M_V12_R1,25.5,2,3,11,0,0,2,0,5.5
M_V12_R1,25.9,3,11,1,0,0,10,0,5.899999999999999
M_V12_R1,24.8,4,1,0,0,0,0,0,4.800000000000001
M_V12_R2,25.5,2,3,19,0,0,2,0,5.5
M_V12_R2,25.9,3,19,30,0,0,18,0,5.899999999999999
M_V12_R2,24.8,4,30,30,0,0,29,0,4.800000000000001
M_V12_R2,26.7,5,30,42,0,0,29,0,6.699999999999999
M_V12_R2,24.1,6,42,20,0,0,41,0,4.100000000000001
M_V12_R2,26,7,20,0,0,0,19,0,6
M_V12_R3,25.5,2,3,19,0,0,2,0,5.5
M_V12_R3,25.9,3,19,24,0,0,18,0,5.899999999999999
M_V12_R3,24.8,4,24,9,0,0,23,0,4.800000000000001
M_V12_R3,26.7,5,9,18,0,0,8,0,6.699999999999999
M_V12_R3,24.1,6,18,31,0,0,17,0,4.100000000000001
M_V12_R3,26,7,31,0,0,0,30,0,6
M_V12_R4,25.5,2,3,23,0,0,2,0,5.5
M_V12_R4,25.9,3,23,18,0,0,22,0,5.899999999999999
M_V12_R4,24.8,4,18,7,0,0,17,0,4.800000000000001
M_V12_R4,26.7,5,7,31,0,0,6,0,6.699999999999999
M_V12_R4,24.1,6,31,16,0,0,30,0,4.100000000000001
M_V12_R4,26,7,16,0,0,0,15,0,6
M_V12_R5,25.5,2,3,33,0,0,2,0,5.5
M_V12_R5,25.9,3,33,12,0,0,32,0,5.899999999999999
M_V12_R5,24.8,4,12,11,0,0,11,0,4.800000000000001
M_V12_R5,26.7,5,11,12,0,0,10,0,6.699999999999999
M_V12_R5,24.1,6,12,7,0,0,11,0,4.100000000000001
M_V12_R5,26,7,7,0,0,0,6,0,6
