Gen,IncubTemp,LINE_ID,TUBE_ID,PAL_FEMALE,PAL_MALE,PAN_FEMALE,PAN_MALE
G02,24.4,C_S_R1,1241,35,25,7,12
G02,24.4,C_S_R2,1242,26,28,8,7
G02,24.4,C_S_R3,1243,17,17,7,9
G02,24.4,C_S_R4,1244,38,28,7,7
G02,24.4,C_S_R5,1245,27,35,8,9
G02,24.4,C_S_R6,1246,33,23,9,8
G02,24.4,C_S_R7,1247,38,35,7,8
G02,24.4,C_S_R8,1248,42,33,12,9
G02,24.4,C_S_R9,1249,31,39,6,5
G02,24.4,C_S_R10,1250,12,11,7,7
G02,24.4,C_S_R11,1251,36,32,9,8
G02,24.4,C_S_R12,1252,18,11,6,9
G02,24.4,C_S_R13,1253,2,1,8,9
G02,24.4,C_S_R14,1254,21,33,8,9
G02,24.4,C_S_R15,1255,36,24,6,8
G02,24.4,C_S_R16,1256,26,12,9,7
G02,24.4,C_S_R17,1257,34,26,9,6
G02,24.4,C_S_R18,1258,36,40,11,7
G02,24.4,C_S_R19,1259,24,22,7,6
G02,24.4,C_S_R20,1260,32,32,6,7
G02,24.4,C_S_R21,1261,32,29,13,6
G02,24.4,C_S_R22,1262,9,11,7,11
G02,24.4,C_S_R23,1263,20,22,14,5
G02,24.4,C_S_R24,1264,37,44,8,9
G02,24.4,C_S_R25,1265,30,19,7,7
G02,24.4,C_S_R26,1266,29,24,10,8
G02,24.4,C_S_R27,1267,22,13,6,5
G02,24.4,C_S_R28,1268,22,12,9,6
G02,24.4,C_S_R29,1269,21,20,8,5
G02,24.4,C_S_R30,1270,17,11,9,4
G02,24.4,C_S_R31,1271,45,41,8,5
G02,24.4,C_S_R32,1272,39,27,10,11
G02,24.4,C_S_R33,1273,39,32,10,7
G02,24.4,C_S_R34,1274,24,18,8,7
G02,24.4,C_S_R35,1275,35,31,12,8
G02,24.4,C_S_R36,1276,32,30,8,6
G02,24.4,C_S_R37,1277,36,27,10,7
G02,24.4,C_S_R38,1278,39,28,8,6
G02,24.4,C_S_R39,1279,32,25,7,7
G02,24.4,C_S_R40,1280,30,23,9,7
G02,24.4,C_S_R41,1281,42,32,10,9
G02,24.4,C_S_R42,1282,19,33,8,9
G02,24.4,C_S_R43,1283,15,16,6,9
G02,24.4,C_S_R44,1284,36,30,6,8
G02,24.4,C_S_R45,1285,35,32,6,7
G02,24.4,C_S_R46,1286,33,27,9,6
G02,24.4,C_S_R47,1287,43,28,8,6
G02,24.4,C_S_R48,1288,36,20,7,5
G02,24.4,C_S_R49,1289,35,23,10,6
G02,24.4,C_S_R50,1290,7,6,5,8
G02,24.4,C_S_R51,1291,28,39,11,6
G02,24.4,C_S_R52,1292,10,13,10,9
G02,24.4,C_S_R53,1293,41,33,9,7
G02,24.4,C_S_R54,1294,35,22,9,6
G02,24.4,C_S_R55,1295,44,35,9,9
G02,24.4,C_S_R56,1296,37,24,7,7
G02,24.4,C_S_R57,1297,27,14,9,7
G02,24.4,C_S_R58,1298,36,45,8,6
G02,24.4,C_S_R59,1299,14,12,8,6
G02,24.4,C_S_R60,1300,16,19,8,5
G02,24.4,C_V01_R1,1301,8,10,8,9
G02,24.4,C_V01_R2,1302,16,11,9,11
G02,24.4,C_V01_R3,1303,30,31,9,10
G02,24.4,C_V01_R4,1304,23,20,9,6
G02,24.4,C_V01_R5,1305,45,26,7,6
G02,25.9,C_V02_R1,1306,14,10,9,7
G02,25.9,C_V02_R2,1307,5,6,7,5
G02,25.9,C_V02_R3,1308,38,38,11,9
G02,25.9,C_V02_R4,1309,36,39,9,8
G02,25.9,C_V02_R5,1310,42,27,10,8
G02,25.9,C_V03_R1,1311,9,9,8,5
G02,25.9,C_V03_R2,1312,15,21,10,9
G02,25.9,C_V03_R3,1313,33,25,13,7
G02,25.9,C_V03_R4,1314,19,15,9,7
G02,25.9,C_V03_R5,1315,21,12,10,9
G02,25.9,C_V04_R1,1316,6,2,8,11
G02,25.9,C_V04_R2,1317,1,1,10,6
G02,25.9,C_V04_R3,1318,34,33,8,8
G02,25.9,C_V04_R4,1319,10,5,6,8
G02,25.9,C_V04_R5,1320,3,0,8,11
G02,22.9,C_V05_R1,1321,0,0,10,11
G02,22.9,C_V05_R2,1322,0,0,7,11
G02,22.9,C_V05_R3,1323,9,14,10,9
G02,22.9,C_V05_R4,1324,4,6,9,8
G02,22.9,C_V05_R5,1325,7,5,11,9
G02,22.9,C_V06_R1,1326,12,7,7,8
G02,22.9,C_V06_R2,1327,36,35,9,6
G02,22.9,C_V06_R3,1328,36,28,8,8
G02,22.9,C_V06_R4,1329,33,26,7,5
G02,22.9,C_V06_R5,1330,21,14,5,6
G02,24.4,C_V07_R1,1331,5,5,5,8
G02,24.4,C_V07_R2,1332,0,0,8,6
G02,24.4,C_V07_R3,1333,5,4,10,9
G02,24.4,C_V07_R4,1334,14,6,10,6
G02,24.4,C_V07_R5,1335,27,20,8,9
G02,22.9,C_V08_R1,1336,10,13,7,5
G02,22.9,C_V08_R2,1337,13,13,8,6
G02,22.9,C_V08_R3,1338,11,20,6,10
G02,22.9,C_V08_R4,1339,0,3,9,3
G02,22.9,C_V08_R5,1340,14,8,6,4
G02,24.4,C_V09_R1,1341,38,26,8,8
G02,24.4,C_V09_R2,1342,5,4,7,7
G02,24.4,C_V09_R3,1343,20,15,10,6
G02,24.4,C_V09_R4,1344,0,0,9,4
G02,24.4,C_V09_R5,1345,1,5,9,5
G02,24.4,C_V10_R1,1346,21,21,10,7
G02,24.4,C_V10_R2,1347,8,7,10,8
G02,24.4,C_V10_R3,1348,3,3,10,5
G02,24.4,C_V10_R4,1349,12,18,9,6
G02,24.4,C_V10_R5,1350,14,17,10,6
G02,22.9,C_V11_R1,1351,15,17,5,6
G02,22.9,C_V11_R2,1352,15,15,9,9
G02,22.9,C_V11_R3,1353,13,16,11,7
G02,22.9,C_V11_R4,1354,13,26,9,6
G02,22.9,C_V11_R5,1355,33,38,9,5
G02,25.9,C_V12_R1,1356,27,25,10,8
G02,25.9,C_V12_R2,1357,30,23,7,8
G02,25.9,C_V12_R3,1358,25,14,7,10
G02,25.9,C_V12_R4,1359,21,23,10,6
G02,25.9,C_V12_R5,1360,30,28,10,7
G02,24.4,M_S_R1,1361,38,25,,
G02,24.4,M_S_R2,1362,27,30,,
G02,24.4,M_S_R3,1363,31,43,,
G02,24.4,M_S_R4,1364,31,25,,
G02,24.4,M_S_R5,1365,33,18,,
G02,24.4,M_S_R6,1366,23,11,,
G02,24.4,M_S_R7,1367,4,1,,
G02,24.4,M_S_R8,1368,51,25,,
G02,24.4,M_S_R9,1369,15,16,,
G02,24.4,M_S_R10,1370,25,21,,
G02,24.4,M_S_R11,1371,19,17,,
G02,24.4,M_S_R12,1372,26,21,,
G02,24.4,M_S_R13,1373,36,29,,
G02,24.4,M_S_R14,1374,17,13,,
G02,24.4,M_S_R15,1375,27,12,,
G02,24.4,M_S_R16,1376,24,26,,
G02,24.4,M_S_R17,1377,12,9,,
G02,24.4,M_S_R18,1378,48,32,,
G02,24.4,M_S_R19,1379,21,15,,
G02,24.4,M_S_R20,1380,28,25,,
G02,24.4,M_S_R21,1381,2,5,,
G02,24.4,M_S_R22,1382,29,22,,
G02,24.4,M_S_R23,1383,35,26,,
G02,24.4,M_S_R24,1384,41,30,,
G02,24.4,M_S_R25,1385,37,25,,
G02,24.4,M_S_R26,1386,8,7,,
G02,24.4,M_S_R27,1387,14,12,,
G02,24.4,M_S_R28,1388,14,14,,
G02,24.4,M_S_R29,1389,12,8,,
G02,24.4,M_S_R30,1390,31,25,,
G02,24.4,M_S_R31,1391,23,21,,
G02,24.4,M_S_R32,1392,17,18,,
G02,24.4,M_S_R33,1393,29,15,,
G02,24.4,M_S_R34,1394,24,17,,
G02,24.4,M_S_R35,1395,27,16,,
G02,24.4,M_S_R36,1396,24,19,,
G02,24.4,M_S_R37,1397,9,7,,
G02,24.4,M_S_R38,1398,31,29,,
G02,24.4,M_S_R39,1399,15,17,,
G02,24.4,M_S_R40,1400,34,30,,
G02,24.4,M_S_R41,1401,9,6,,
G02,24.4,M_S_R42,1402,12,21,,
G02,24.4,M_S_R43,1403,27,28,,
G02,24.4,M_S_R44,1404,8,9,,
G02,24.4,M_S_R45,1405,7,9,,
G02,24.4,M_S_R46,1406,2,2,,
G02,24.4,M_S_R47,1407,17,16,,
G02,24.4,M_S_R48,1408,20,30,,
G02,24.4,M_S_R49,1409,36,35,,
G02,24.4,M_S_R50,1410,31,24,,
G02,24.4,M_S_R51,1411,26,35,,
G02,24.4,M_S_R52,1412,22,30,,
G02,24.4,M_S_R53,1413,24,21,,
G02,24.4,M_S_R54,1414,26,27,,
G02,24.4,M_S_R55,1415,17,10,,
G02,24.4,M_S_R56,1416,0,1,,
G02,24.4,M_S_R57,1417,1,1,,
G02,24.4,M_S_R58,1418,34,27,,
G02,24.4,M_S_R59,1419,20,14,,
G02,24.4,M_S_R60,1420,26,35,,
G02,24.4,M_V01_R1,1421,16,11,,
G02,24.4,M_V01_R2,1422,29,33,,
G02,24.4,M_V01_R3,1423,37,38,,
G02,24.4,M_V01_R4,1424,34,35,,
G02,24.4,M_V01_R5,1425,37,30,,
G02,25.9,M_V02_R1,1426,37,31,,
G02,25.9,M_V02_R2,1427,45,37,,
G02,25.9,M_V02_R3,1428,22,20,,
G02,25.9,M_V02_R4,1429,48,34,,
G02,25.9,M_V02_R5,1430,29,18,,
G02,25.9,M_V03_R1,1431,4,0,,
G02,25.9,M_V03_R2,1432,7,4,,
G02,25.9,M_V03_R3,1433,16,7,,
G02,25.9,M_V03_R4,1434,0,0,,
G02,25.9,M_V03_R5,1435,21,17,,
G02,25.9,M_V04_R1,1436,4,3,,
G02,25.9,M_V04_R2,1437,39,23,,
G02,25.9,M_V04_R3,1438,6,6,,
G02,25.9,M_V04_R4,1439,18,16,,
G02,25.9,M_V04_R5,1440,5,0,,
G02,22.9,M_V05_R1,1441,3,1,,
G02,22.9,M_V05_R2,1442,11,8,,
G02,22.9,M_V05_R3,1443,10,10,,
G02,22.9,M_V05_R4,1444,11,17,,
G02,22.9,M_V05_R5,1445,8,11,,
G02,22.9,M_V06_R1,1446,25,35,,
G02,22.9,M_V06_R2,1447,40,31,,
G02,22.9,M_V06_R3,1448,43,37,,
G02,22.9,M_V06_R4,1449,3,2,,
G02,22.9,M_V06_R5,1450,44,24,,
G02,24.4,M_V07_R1,1451,0,0,,
G02,24.4,M_V07_R2,1452,7,4,,
G02,24.4,M_V07_R3,1453,20,7,,
G02,24.4,M_V07_R4,1454,15,23,,
G02,24.4,M_V07_R5,1455,3,3,,
G02,22.9,M_V08_R1,1456,8,2,,
G02,22.9,M_V08_R2,1457,3,5,,
G02,22.9,M_V08_R3,1458,11,15,,
G02,22.9,M_V08_R4,1459,0,0,,
G02,22.9,M_V08_R5,1460,14,12,,
G02,24.4,M_V09_R1,1461,37,32,,
G02,24.4,M_V09_R2,1462,19,19,,
G02,24.4,M_V09_R3,1463,21,17,,
G02,24.4,M_V09_R4,1464,17,13,,
G02,24.4,M_V09_R5,1465,39,29,,
G02,24.4,M_V10_R1,1466,8,7,,
G02,24.4,M_V10_R2,1467,6,6,,
G02,24.4,M_V10_R3,1468,11,12,,
G02,24.4,M_V10_R4,1469,8,13,,
G02,24.4,M_V10_R5,1470,17,17,,
G02,22.9,M_V11_R1,1471,3,4,,
G02,22.9,M_V11_R2,1472,5,9,,
G02,22.9,M_V11_R3,1473,16,11,,
G02,22.9,M_V11_R4,1474,1,2,,
G02,22.9,M_V11_R5,1475,4,2,,
G02,25.9,M_V12_R1,1476,11,10,,
G02,25.9,M_V12_R2,1477,19,28,,
G02,25.9,M_V12_R3,1478,19,15,,
G02,25.9,M_V12_R4,1479,23,20,,
G02,25.9,M_V12_R5,1480,33,23,,
G03,24.8,C_S_R1,1481,23,21,4,2
G03,24.8,C_S_R2,1482,0,1,0,0
G03,24.8,C_S_R3,1483,18,14,0,1
G03,24.8,C_S_R4,1484,20,13,1,0
G03,24.8,C_S_R5,1485,28,30,0,0
G03,24.8,C_S_R6,1486,0,2,0,0
G03,24.8,C_S_R7,1487,0,0,0,0
G03,24.8,C_S_R8,1488,34,18,1,0
G03,24.8,C_S_R9,1489,6,12,0,0
G03,24.8,C_S_R10,1490,0,0,1,0
G03,24.8,C_S_R11,1491,15,11,12,8
G03,24.8,C_S_R12,1492,0,0,0,0
G03,24.8,C_S_R13,1493,0,0,9,7
G03,24.8,C_S_R14,1494,26,29,1,2
G03,24.8,C_S_R15,1495,0,2,0,0
G03,24.8,C_S_R16,1496,2,1,0,0
G03,24.8,C_S_R17,1497,30,16,0,1
G03,24.8,C_S_R18,1498,22,16,1,3
G03,24.8,C_S_R19,1499,0,0,0,1
G03,24.8,C_S_R20,1500,32,20,0,0
G03,24.8,C_S_R21,1501,16,18,7,4
G03,24.8,C_S_R22,1502,1,3,0,0
G03,24.8,C_S_R23,1503,36,21,1,2
G03,24.8,C_S_R24,1504,24,18,0,0
G03,24.8,C_S_R25,1505,0,3,0,0
G03,24.8,C_S_R26,1506,0,1,0,0
G03,24.8,C_S_R27,1507,0,0,0,0
G03,24.8,C_S_R28,1508,0,0,0,0
G03,24.8,C_S_R29,1509,0,2,0,0
G03,24.8,C_S_R30,1510,0,1,0,0
G03,24.8,C_S_R31,1511,47,25,0,0
G03,24.8,C_S_R32,1512,2,0,0,0
G03,24.8,C_S_R33,1513,0,0,0,0
G03,24.8,C_S_R34,1514,43,25,0,0
G03,24.8,C_S_R35,1515,4,10,2,0
G03,24.8,C_S_R36,1516,0,0,0,0
G03,24.8,C_S_R37,1517,21,14,1,0
G03,24.8,C_S_R38,1518,17,19,0,2
G03,24.8,C_S_R39,1519,21,16,2,1
G03,24.8,C_S_R40,1520,13,17,0,0
G03,24.8,C_S_R41,1521,19,23,3,1
G03,24.8,C_S_R42,1522,27,25,0,1
G03,24.8,C_S_R43,1523,44,33,0,0
G03,24.8,C_S_R44,1524,2,1,0,0
G03,24.8,C_S_R45,1525,1,0,1,0
G03,24.8,C_S_R46,1526,28,22,0,0
G03,24.8,C_S_R47,1527,20,20,0,0
G03,24.8,C_S_R48,1528,15,18,0,0
G03,24.8,C_S_R49,1529,2,2,0,1
G03,24.8,C_S_R50,1530,0,2,0,0
G03,24.8,C_S_R51,1531,20,16,1,0
G03,24.8,C_S_R52,1532,42,24,0,0
G03,24.8,C_S_R53,1533,31,27,0,2
G03,24.8,C_S_R54,1534,25,14,0,0
G03,24.8,C_S_R55,1535,36,27,0,0
G03,24.8,C_S_R56,1536,18,19,1,1
G03,24.8,C_S_R57,1537,31,23,1,1
G03,24.8,C_S_R58,1538,11,11,0,0
G03,24.8,C_S_R59,1539,1,0,0,0
G03,24.8,C_S_R60,1540,0,0,0,0
G03,26.3,C_V01_R1,1541,18,20,1,1
G03,26.3,C_V01_R2,1542,36,22,0,0
G03,26.3,C_V01_R3,1543,37,21,3,3
G03,26.3,C_V01_R4,1544,27,28,0,0
G03,26.3,C_V01_R5,1545,22,21,0,0
G03,23.3,C_V02_R1,1546,14,9,0,1
G03,23.3,C_V02_R2,1547,31,33,1,1
G03,23.3,C_V02_R3,1548,15,7,17,8
G03,23.3,C_V02_R4,1549,21,24,1,0
G03,23.3,C_V02_R5,1550,30,31,1,1
G03,23.3,C_V03_R1,1551,7,4,9,5
G03,23.3,C_V03_R2,1552,4,8,14,8
G03,23.3,C_V03_R3,1553,20,18,16,9
G03,23.3,C_V03_R4,1554,23,25,0,0
G03,23.3,C_V03_R5,1555,7,9,3,4
G03,23.3,C_V04_R1,1556,0,0,5,10
G03,23.3,C_V04_R2,1557,0,0,4,3
G03,23.3,C_V04_R3,1558,27,24,2,3
G03,23.3,C_V04_R4,1559,0,4,2,0
G03,23.3,C_V04_R5,1560,0,0,1,0
G03,26.3,C_V05_R1,1561,0,0,3,4
G03,26.3,C_V05_R2,1562,0,0,1,5
G03,26.3,C_V05_R3,1563,18,9,0,0
G03,26.3,C_V05_R4,1564,20,18,0,1
G03,26.3,C_V05_R5,1565,3,13,12,12
G03,26.3,C_V06_R1,1566,8,8,0,0
G03,26.3,C_V06_R2,1567,2,0,0,0
G03,26.3,C_V06_R3,1568,1,0,0,0
G03,26.3,C_V06_R4,1569,0,0,0,0
G03,26.3,C_V06_R5,1570,11,13,1,0
G03,24.8,C_V07_R1,1571,32,25,0,0
G03,24.8,C_V07_R2,1572,0,0,2,3
G03,24.8,C_V07_R3,1573,46,31,0,0
G03,24.8,C_V07_R4,1574,41,25,0,0
G03,24.8,C_V07_R5,1575,23,35,1,1
G03,26.3,C_V08_R1,1576,2,3,0,0
G03,26.3,C_V08_R2,1577,0,0,17,24
G03,26.3,C_V08_R3,1578,0,0,0,0
G03,26.3,C_V08_R4,1579,0,0,8,14
G03,26.3,C_V08_R5,1580,7,12,0,0
G03,23.3,C_V09_R1,1581,18,14,2,0
G03,23.3,C_V09_R2,1582,10,6,8,4
G03,23.3,C_V09_R3,1583,28,26,0,0
G03,23.3,C_V09_R4,1584,0,0,4,0
G03,23.3,C_V09_R5,1585,0,0,5,5
G03,24.8,C_V10_R1,1586,14,10,3,6
G03,24.8,C_V10_R2,1587,4,3,0,0
G03,24.8,C_V10_R3,1588,4,3,6,4
G03,24.8,C_V10_R4,1589,0,0,6,4
G03,24.8,C_V10_R5,1590,12,2,0,0
G03,24.8,C_V11_R1,1591,31,20,0,0
G03,24.8,C_V11_R2,1592,24,17,0,0
G03,24.8,C_V11_R3,1593,24,22,1,3
G03,24.8,C_V11_R4,1594,28,24,0,0
G03,24.8,C_V11_R5,1595,20,27,0,2
G03,24.8,C_V12_R1,1596,31,20,6,4
G03,24.8,C_V12_R2,1597,26,14,0,0
G03,24.8,C_V12_R3,1598,30,30,0,0
G03,24.8,C_V12_R4,1599,33,11,5,5
G03,24.8,C_V12_R5,1600,20,20,1,0
G03,24.8,M_S_R1,1601,29,24,,
G03,24.8,M_S_R2,1602,19,29,,
G03,24.8,M_S_R3,1603,28,19,,
G03,24.8,M_S_R4,1604,33,18,,
G03,24.8,M_S_R5,1605,42,25,,
G03,24.8,M_S_R6,1606,29,22,,
G03,24.8,M_S_R7,1607,0,0,,
G03,24.8,M_S_R8,1608,23,20,,
G03,24.8,M_S_R9,1609,37,24,,
G03,24.8,M_S_R10,1610,14,14,,
G03,24.8,M_S_R11,1611,35,20,,
G03,24.8,M_S_R12,1612,38,17,,
G03,24.8,M_S_R13,1613,7,11,,
G03,24.8,M_S_R14,1614,0,0,,
G03,24.8,M_S_R15,1615,31,23,,
G03,24.8,M_S_R16,1616,28,29,,
G03,24.8,M_S_R17,1617,28,19,,
G03,24.8,M_S_R18,1618,18,4,,
G03,24.8,M_S_R19,1619,8,8,,
G03,24.8,M_S_R20,1620,1,1,,
G03,24.8,M_S_R21,1621,26,25,,
G03,24.8,M_S_R22,1622,0,0,,
G03,24.8,M_S_R23,1623,10,11,,
G03,24.8,M_S_R24,1624,14,10,,
G03,24.8,M_S_R25,1625,4,6,,
G03,24.8,M_S_R26,1626,11,6,,
G03,24.8,M_S_R27,1627,27,18,,
G03,24.8,M_S_R28,1628,5,1,,
G03,24.8,M_S_R29,1629,38,28,,
G03,24.8,M_S_R30,1630,38,21,,
G03,24.8,M_S_R31,1631,24,19,,
G03,24.8,M_S_R32,1632,21,20,,
G03,24.8,M_S_R33,1633,13,15,,
G03,24.8,M_S_R34,1634,24,23,,
G03,24.8,M_S_R35,1635,34,18,,
G03,24.8,M_S_R36,1636,28,23,,
G03,24.8,M_S_R37,1637,17,10,,
G03,24.8,M_S_R38,1638,30,22,,
G03,24.8,M_S_R39,1639,23,11,,
G03,24.8,M_S_R40,1640,9,10,,
G03,24.8,M_S_R41,1641,34,38,,
G03,24.8,M_S_R42,1642,15,14,,
G03,24.8,M_S_R43,1643,3,6,,
G03,24.8,M_S_R44,1644,8,6,,
G03,24.8,M_S_R45,1645,32,28,,
G03,24.8,M_S_R46,1646,3,10,,
G03,24.8,M_S_R47,1647,34,19,,
G03,24.8,M_S_R48,1648,15,5,,
G03,24.8,M_S_R49,1649,34,31,,
G03,24.8,M_S_R50,1650,33,27,,
G03,24.8,M_S_R51,1651,29,25,,
G03,24.8,M_S_R52,1652,0,2,,
G03,24.8,M_S_R53,1653,0,1,,
G03,24.8,M_S_R54,1654,34,16,,
G03,24.8,M_S_R55,1655,29,21,,
G03,24.8,M_S_R56,1656,0,0,,
G03,24.8,M_S_R57,1657,0,0,,
G03,24.8,M_S_R58,1658,25,16,,
G03,24.8,M_S_R59,1659,20,9,,
G03,24.8,M_S_R60,1660,35,26,,
G03,26.3,M_V01_R1,1661,21,18,,
G03,26.3,M_V01_R2,1662,37,29,,
G03,26.3,M_V01_R3,1663,10,7,,
G03,26.3,M_V01_R4,1664,28,30,,
G03,26.3,M_V01_R5,1665,40,28,,
G03,23.3,M_V02_R1,1666,2,0,,
G03,23.3,M_V02_R2,1667,1,0,,
G03,23.3,M_V02_R3,1668,43,26,,
G03,23.3,M_V02_R4,1669,0,0,,
G03,23.3,M_V02_R5,1670,14,15,,
G03,23.3,M_V03_R1,1671,0,0,,
G03,23.3,M_V03_R2,1672,0,0,,
G03,23.3,M_V03_R3,1673,26,26,,
G03,23.3,M_V03_R4,1674,0,0,,
G03,23.3,M_V03_R5,1675,18,12,,
G03,23.3,M_V04_R1,1676,0,0,,
G03,23.3,M_V04_R2,1677,19,16,,
G03,23.3,M_V04_R3,1678,0,0,,
G03,23.3,M_V04_R4,1679,19,15,,
G03,23.3,M_V04_R5,1680,0,0,,
G03,26.3,M_V05_R1,1681,19,21,,
G03,26.3,M_V05_R2,1682,16,17,,
G03,26.3,M_V05_R3,1683,0,0,,
G03,26.3,M_V05_R4,1684,11,4,,
G03,26.3,M_V05_R5,1685,0,2,,
G03,26.3,M_V06_R1,1686,6,21,,
G03,26.3,M_V06_R2,1687,10,16,,
G03,26.3,M_V06_R3,1688,19,21,,
G03,26.3,M_V06_R4,1689,0,0,,
G03,26.3,M_V06_R5,1690,4,4,,
G03,24.8,M_V07_R1,1691,0,0,,
G03,24.8,M_V07_R2,1692,49,27,,
G03,24.8,M_V07_R3,1693,12,8,,
G03,24.8,M_V07_R4,1694,32,20,,
G03,24.8,M_V07_R5,1695,32,30,,
G03,26.3,M_V08_R1,1696,4,5,,
G03,26.3,M_V08_R2,1697,0,0,,
G03,26.3,M_V08_R3,1698,0,0,,
G03,26.3,M_V08_R4,1699,0,0,,
G03,26.3,M_V08_R5,1700,6,5,,
G03,23.3,M_V09_R1,1701,30,19,,
G03,23.3,M_V09_R2,1702,35,23,,
G03,23.3,M_V09_R3,1703,0,2,,
G03,23.3,M_V09_R4,1704,28,21,,
G03,23.3,M_V09_R5,1705,26,20,,
G03,24.8,M_V10_R1,1706,9,5,,
G03,24.8,M_V10_R2,1707,13,4,,
G03,24.8,M_V10_R3,1708,2,3,,
G03,24.8,M_V10_R4,1709,0,0,,
G03,24.8,M_V10_R5,1710,0,0,,
G03,24.8,M_V11_R1,1711,20,26,,
G03,24.8,M_V11_R2,1712,18,23,,
G03,24.8,M_V11_R3,1713,0,0,,
G03,24.8,M_V11_R4,1714,9,13,,
G03,24.8,M_V11_R5,1715,12,22,,
G03,24.8,M_V12_R1,1716,1,1,,
G03,24.8,M_V12_R2,1717,30,22,,
G03,24.8,M_V12_R3,1718,24,14,,
G03,24.8,M_V12_R4,1719,18,24,,
G03,24.8,M_V12_R5,1720,12,9,,
G04,25.2,C_S_R1,1721,9,12,8,5
G04,25.2,C_S_R2,1722,0,0,3,2
G04,25.2,C_S_R3,1723,40,24,4,3
G04,25.2,C_S_R4,1724,25,32,3,3
G04,25.2,C_S_R5,1725,1,3,4,2
G04,25.2,C_S_R6,1726,0,0,5,1
G04,25.2,C_S_R7,1727,0,0,4,2
G04,25.2,C_S_R8,1728,12,15,3,3
G04,25.2,C_S_R9,1729,0,0,4,2
G04,25.2,C_S_R10,1730,0,0,4,2
G04,25.2,C_S_R11,1731,12,16,23,16
G04,25.2,C_S_R12,1732,0,0,3,3
G04,25.2,C_S_R13,1733,0,0,15,10
G04,25.2,C_S_R14,1734,10,17,3,3
G04,25.2,C_S_R15,1735,0,0,4,2
G04,25.2,C_S_R16,1736,11,7,4,2
G04,25.2,C_S_R17,1737,16,15,4,2
G04,25.2,C_S_R18,1738,41,27,3,2
G04,25.2,C_S_R19,1739,0,0,4,2
G04,25.2,C_S_R20,1740,34,22,4,2
G04,25.2,C_S_R21,1741,34,23,3,1
G04,25.2,C_S_R22,1742,22,16,4,2
G04,25.2,C_S_R23,1743,22,26,5,3
G04,25.2,C_S_R24,1744,5,4,4,2
G04,25.2,C_S_R25,1745,0,0,3,3
G04,25.2,C_S_R26,1746,0,0,4,2
G04,25.2,C_S_R27,1747,0,0,4,2
G04,25.2,C_S_R28,1748,0,0,4,2
G04,25.2,C_S_R29,1749,0,0,4,2
G04,25.2,C_S_R30,1750,0,0,4,2
G04,25.2,C_S_R31,1751,11,12,4,2
G04,25.2,C_S_R32,1752,0,0,4,1
G04,25.2,C_S_R33,1753,0,0,4,2
G04,25.2,C_S_R34,1754,3,6,4,2
G04,25.2,C_S_R35,1755,31,22,8,9
G04,25.2,C_S_R36,1756,0,0,4,2
G04,25.2,C_S_R37,1757,46,21,3,2
G04,25.2,C_S_R38,1758,18,10,4,2
G04,25.2,C_S_R39,1759,25,24,4,2
G04,25.2,C_S_R40,1760,18,18,4,2
G04,25.2,C_S_R41,1761,33,29,4,2
G04,25.2,C_S_R42,1762,33,37,4,2
G04,25.2,C_S_R43,1763,0,0,4,2
G04,25.2,C_S_R44,1764,3,2,4,2
G04,25.2,C_S_R45,1765,0,0,4,2
G04,25.2,C_S_R46,1766,0,0,4,2
G04,25.2,C_S_R47,1767,9,7,4,2
G04,25.2,C_S_R48,1768,0,0,4,2
G04,25.2,C_S_R49,1769,12,15,4,2
G04,25.2,C_S_R50,1770,0,0,4,2
G04,25.2,C_S_R51,1771,14,8,4,2
G04,25.2,C_S_R52,1772,15,10,4,2
G04,25.2,C_S_R53,1773,0,1,4,2
G04,25.2,C_S_R54,1774,45,25,4,2
G04,25.2,C_S_R55,1775,33,26,4,2
G04,25.2,C_S_R56,1776,2,1,4,2
G04,25.2,C_S_R57,1777,5,4,4,2
G04,25.2,C_S_R58,1778,5,2,4,2
G04,25.2,C_S_R59,1779,0,0,4,2
G04,25.2,C_S_R60,1780,0,0,4,2
G04,23.7,C_V01_R1,1781,40,43,5,2
G04,23.7,C_V01_R2,1782,15,11,4,2
G04,23.7,C_V01_R3,1783,22,15,14,14
G04,23.7,C_V01_R4,1784,20,19,4,2
G04,23.7,C_V01_R5,1785,2,1,4,2
G04,25.2,C_V02_R1,1786,0,0,5,1
G04,25.2,C_V02_R2,1787,13,25,4,2
G04,25.2,C_V02_R3,1788,3,3,42,27
G04,25.2,C_V02_R4,1789,14,12,4,2
G04,25.2,C_V02_R5,1790,28,19,4,2
G04,25.2,C_V03_R1,1791,4,6,20,8
G04,25.2,C_V03_R2,1792,2,4,23,11
G04,25.2,C_V03_R3,1793,5,8,13,9
G04,25.2,C_V03_R4,1794,23,23,4,2
G04,25.2,C_V03_R5,1795,30,26,4,2
G04,23.7,C_V04_R1,1796,0,0,31,32
G04,23.7,C_V04_R2,1797,0,0,64,36
G04,23.7,C_V04_R3,1798,10,6,15,10
G04,23.7,C_V04_R4,1799,0,0,4,2
G04,23.7,C_V04_R5,1800,0,0,4,2
G04,23.7,C_V05_R1,1801,0,0,17,12
G04,23.7,C_V05_R2,1802,0,0,4,2
G04,23.7,C_V05_R3,1803,7,4,4,2
G04,23.7,C_V05_R4,1804,17,11,4,2
G04,23.7,C_V05_R5,1805,0,0,13,12
G04,26.7,C_V06_R1,1806,25,16,4,2
G04,26.7,C_V06_R2,1807,0,0,4,2
G04,26.7,C_V06_R3,1808,0,0,2,3
G04,26.7,C_V06_R4,1809,0,0,4,2
G04,26.7,C_V06_R5,1810,24,27,4,2
G04,23.7,C_V07_R1,1811,15,9,4,2
G04,23.7,C_V07_R2,1812,0,0,38,28
G04,23.7,C_V07_R3,1813,11,7,4,2
G04,23.7,C_V07_R4,1814,18,15,3,2
G04,23.7,C_V07_R5,1815,11,10,4,2
G04,26.7,C_V08_R1,1816,23,34,7,4
G04,26.7,C_V08_R2,1817,0,0,65,56
G04,26.7,C_V08_R3,1818,0,0,4,2
G04,26.7,C_V08_R4,1819,0,0,40,37
G04,26.7,C_V08_R5,1820,28,12,4,2
G04,25.2,C_V09_R1,1821,47,24,4,2
G04,25.2,C_V09_R2,1822,37,34,7,11
G04,25.2,C_V09_R3,1823,11,19,7,2
G04,25.2,C_V09_R4,1824,0,0,7,2
G04,25.2,C_V09_R5,1825,0,0,25,27
G04,26.7,C_V10_R1,1826,41,41,6,3
G04,26.7,C_V10_R2,1827,37,27,4,2
G04,26.7,C_V10_R3,1828,0,0,46,31
G04,26.7,C_V10_R4,1829,0,0,18,20
G04,26.7,C_V10_R5,1830,30,21,4,2
G04,25.2,C_V11_R1,1831,0,7,4,2
G04,25.2,C_V11_R2,1832,39,33,4,2
G04,25.2,C_V11_R3,1833,16,16,7,2
G04,25.2,C_V11_R4,1834,16,18,4,2
G04,25.2,C_V11_R5,1835,3,2,4,2
G04,26.7,C_V12_R1,1836,5,6,32,27
G04,26.7,C_V12_R2,1837,6,12,4,2
G04,26.7,C_V12_R3,1838,28,40,3,2
G04,26.7,C_V12_R4,1839,17,31,13,6
G04,26.7,C_V12_R5,1840,7,6,4,2
G04,25.2,M_S_R1,1841,25,37,,
G04,25.2,M_S_R2,1842,0,0,,
G04,25.2,M_S_R3,1843,12,9,,
G04,25.2,M_S_R4,1844,15,17,,
G04,25.2,M_S_R5,1845,25,18,,
G04,25.2,M_S_R6,1846,38,30,,
G04,25.2,M_S_R7,1847,0,0,,
G04,25.2,M_S_R8,1848,36,21,,
G04,25.2,M_S_R9,1849,35,17,,
G04,25.2,M_S_R10,1850,40,34,,
G04,25.2,M_S_R11,1851,11,13,,
G04,25.2,M_S_R12,1852,15,17,,
G04,25.2,M_S_R13,1853,31,18,,
G04,25.2,M_S_R14,1854,0,0,,
G04,25.2,M_S_R15,1855,19,13,,
G04,25.2,M_S_R16,1856,17,10,,
G04,25.2,M_S_R17,1857,14,19,,
G04,25.2,M_S_R18,1858,3,9,,
G04,25.2,M_S_R19,1859,9,9,,
G04,25.2,M_S_R20,1860,2,4,,
G04,25.2,M_S_R21,1861,12,12,,
G04,25.2,M_S_R22,1862,0,0,,
G04,25.2,M_S_R23,1863,2,2,,
G04,25.2,M_S_R24,1864,14,13,,
G04,25.2,M_S_R25,1865,0,0,,
G04,25.2,M_S_R26,1866,0,0,,
G04,25.2,M_S_R27,1867,2,3,,
G04,25.2,M_S_R28,1868,0,0,,
G04,25.2,M_S_R29,1869,39,39,,
G04,25.2,M_S_R30,1870,29,32,,
G04,25.2,M_S_R31,1871,30,31,,
G04,25.2,M_S_R32,1872,40,16,,
G04,25.2,M_S_R33,1873,29,40,,
G04,25.2,M_S_R34,1874,3,7,,
G04,25.2,M_S_R35,1875,14,16,,
G04,25.2,M_S_R36,1876,35,30,,
G04,25.2,M_S_R37,1877,9,2,,
G04,25.2,M_S_R38,1878,23,29,,
G04,25.2,M_S_R39,1879,7,23,,
G04,25.2,M_S_R40,1880,0,0,,
G04,25.2,M_S_R41,1881,41,39,,
G04,25.2,M_S_R42,1882,38,19,,
G04,25.2,M_S_R43,1883,29,15,,
G04,25.2,M_S_R44,1884,35,33,,
G04,25.2,M_S_R45,1885,42,23,,
G04,25.2,M_S_R46,1886,4,6,,
G04,25.2,M_S_R47,1887,16,21,,
G04,25.2,M_S_R48,1888,27,19,,
G04,25.2,M_S_R49,1889,47,45,,
G04,25.2,M_S_R50,1890,36,37,,
G04,25.2,M_S_R51,1891,38,37,,
G04,25.2,M_S_R52,1892,0,0,,
G04,25.2,M_S_R53,1893,0,0,,
G04,25.2,M_S_R54,1894,43,35,,
G04,25.2,M_S_R55,1895,29,28,,
G04,25.2,M_S_R56,1896,0,0,,
G04,25.2,M_S_R57,1897,0,0,,
G04,25.2,M_S_R58,1898,35,32,,
G04,25.2,M_S_R59,1899,8,10,,
G04,25.2,M_S_R60,1900,17,6,,
G04,23.7,M_V01_R1,1901,23,18,,
G04,23.7,M_V01_R2,1902,22,13,,
G04,23.7,M_V01_R3,1903,6,2,,
G04,23.7,M_V01_R4,1904,33,23,,
G04,23.7,M_V01_R5,1905,7,8,,
G04,25.2,M_V02_R1,1906,0,0,,
G04,25.2,M_V02_R2,1907,0,0,,
G04,25.2,M_V02_R3,1908,1,4,,
G04,25.2,M_V02_R4,1909,0,0,,
G04,25.2,M_V02_R5,1910,4,2,,
G04,25.2,M_V03_R1,1911,0,0,,
G04,25.2,M_V03_R2,1912,0,0,,
G04,25.2,M_V03_R3,1913,2,3,,
G04,25.2,M_V03_R4,1914,0,0,,
G04,25.2,M_V03_R5,1915,28,28,,
G04,23.7,M_V04_R1,1916,0,0,,
G04,23.7,M_V04_R2,1917,0,4,,
G04,23.7,M_V04_R3,1918,0,0,,
G04,23.7,M_V04_R4,1919,14,12,,
G04,23.7,M_V04_R5,1920,0,0,,
G04,23.7,M_V05_R1,1921,0,0,,
G04,23.7,M_V05_R2,1922,0,0,,
G04,23.7,M_V05_R3,1923,0,0,,
G04,23.7,M_V05_R4,1924,3,4,,
G04,23.7,M_V05_R5,1925,0,0,,
G04,26.7,M_V06_R1,1926,0,0,,
G04,26.7,M_V06_R2,1927,11,9,,
G04,26.7,M_V06_R3,1928,18,18,,
G04,26.7,M_V06_R4,1929,0,0,,
G04,26.7,M_V06_R5,1930,0,0,,
G04,23.7,M_V07_R1,1931,0,0,,
G04,23.7,M_V07_R2,1932,23,12,,
G04,23.7,M_V07_R3,1933,40,23,,
G04,23.7,M_V07_R4,1934,28,16,,
G04,23.7,M_V07_R5,1935,43,40,,
G04,26.7,M_V08_R1,1936,2,6,,
G04,26.7,M_V08_R2,1937,0,0,,
G04,26.7,M_V08_R3,1938,0,0,,
G04,26.7,M_V08_R4,1939,0,0,,
G04,26.7,M_V08_R5,1940,1,1,,
G04,25.2,M_V09_R1,1941,38,23,,
G04,25.2,M_V09_R2,1942,16,13,,
G04,25.2,M_V09_R3,1943,0,0,,
G04,25.2,M_V09_R4,1944,5,2,,
G04,25.2,M_V09_R5,1945,28,14,,
G04,26.7,M_V10_R1,1946,4,5,,
G04,26.7,M_V10_R2,1947,31,12,,
G04,26.7,M_V10_R3,1948,25,28,,
G04,26.7,M_V10_R4,1949,0,0,,
G04,26.7,M_V10_R5,1950,0,0,,
G04,25.2,M_V11_R1,1951,32,25,,
G04,25.2,M_V11_R2,1952,4,3,,
G04,25.2,M_V11_R3,1953,0,0,,
G04,25.2,M_V11_R4,1954,11,10,,
G04,25.2,M_V11_R5,1955,0,0,,
G04,26.7,M_V12_R1,1956,0,0,,
G04,26.7,M_V12_R2,1957,30,18,,
G04,26.7,M_V12_R3,1958,9,8,,
G04,26.7,M_V12_R4,1959,7,9,,
G04,26.7,M_V12_R5,1960,11,12,,
G05,25.6,C_S_R1,1961,24,22,30,21
G05,25.6,C_S_R2,1962,0,0,1,3
G05,25.6,C_S_R3,1963,4,11,7,9
G05,25.6,C_S_R4,1964,25,26,0,0
G05,25.6,C_S_R5,1965,9,19,7,2
G05,25.6,C_S_R6,1966,0,0,1,0
G05,25.6,C_S_R7,1967,0,0,0,0
G05,25.6,C_S_R8,1968,39,32,3,1
G05,25.6,C_S_R9,1969,0,0,9,3
G05,25.6,C_S_R10,1970,0,0,0,0
G05,25.6,C_S_R11,1971,8,4,20,9
G05,25.6,C_S_R12,1972,0,0,0,4
G05,25.6,C_S_R13,1973,0,0,43,24
G05,25.6,C_S_R14,1974,22,27,0,0
G05,25.6,C_S_R15,1975,0,0,2,4
G05,25.6,C_S_R16,1976,7,5,1,1
G05,25.6,C_S_R17,1977,38,18,0,0
G05,25.6,C_S_R18,1978,23,23,0,0
G05,25.6,C_S_R19,1979,0,0,13,11
G05,25.6,C_S_R20,1980,39,14,0,0
G05,25.6,C_S_R21,1981,2,5,5,4
G05,25.6,C_S_R22,1982,18,11,1,2
G05,25.6,C_S_R23,1983,19,14,4,6
G05,25.6,C_S_R24,1984,38,30,8,3
G05,25.6,C_S_R25,1985,0,0,0,0
G05,25.6,C_S_R26,1986,0,0,2,1
G05,25.6,C_S_R27,1987,0,0,34,25
G05,25.6,C_S_R28,1988,0,0,12,10
G05,25.6,C_S_R29,1989,0,0,5,0
G05,25.6,C_S_R30,1990,0,0,19,13
G05,25.6,C_S_R31,1991,28,15,2,3
G05,25.6,C_S_R32,1992,0,0,0,5
G05,25.6,C_S_R33,1993,0,0,3,1
G05,25.6,C_S_R34,1994,18,29,1,3
G05,25.6,C_S_R35,1995,18,25,20,18
G05,25.6,C_S_R36,1996,0,0,0,0
G05,25.6,C_S_R37,1997,19,14,2,3
G05,25.6,C_S_R38,1998,4,8,1,1
G05,25.6,C_S_R39,1999,36,25,0,1
G05,25.6,C_S_R40,2000,42,38,0,0
G05,25.6,C_S_R41,2001,16,22,3,6
G05,25.6,C_S_R42,2002,44,30,0,0
G05,25.6,C_S_R43,2003,0,0,5,4
G05,25.6,C_S_R44,2004,28,27,3,5
G05,25.6,C_S_R45,2005,0,0,6,4
G05,25.6,C_S_R46,2006,0,0,23,15
G05,25.6,C_S_R47,2007,5,6,2,1
G05,25.6,C_S_R48,2008,0,0,0,0
G05,25.6,C_S_R49,2009,16,11,0,0
G05,25.6,C_S_R50,2010,0,0,1,2
G05,25.6,C_S_R51,2011,31,35,2,1
G05,25.6,C_S_R52,2012,31,21,0,0
G05,25.6,C_S_R53,2013,0,0,5,7
G05,25.6,C_S_R54,2014,13,13,1,0
G05,25.6,C_S_R55,2015,23,17,0,0
G05,25.6,C_S_R56,2016,33,36,0,1
G05,25.6,C_S_R57,2017,1,1,8,11
G05,25.6,C_S_R58,2018,0,1,0,0
G05,25.6,C_S_R59,2019,0,0,4,3
G05,25.6,C_S_R60,2020,0,0,16,7
G05,25.6,C_V01_R1,2021,0,0,4,1
G05,25.6,C_V01_R2,2022,10,4,0,0
G05,25.6,C_V01_R3,2023,0,0,9,3
G05,25.6,C_V01_R4,2024,10,11,0,0
G05,25.6,C_V01_R5,2025,30,19,0,0
G05,24.1,C_V02_R1,2026,0,0,0,0
G05,24.1,C_V02_R2,2027,13,16,6,3
G05,24.1,C_V02_R3,2028,0,0,11,11
G05,24.1,C_V02_R4,2029,3,3,5,3
G05,24.1,C_V02_R5,2030,18,11,0,0
G05,24.1,C_V03_R1,2031,7,9,9,11
G05,24.1,C_V03_R2,2032,0,0,10,6
G05,24.1,C_V03_R3,2033,0,0,0,0
G05,24.1,C_V03_R4,2034,16,19,0,0
G05,24.1,C_V03_R5,2035,0,0,0,0
G05,27.1,C_V04_R1,2036,0,0,18,7
G05,27.1,C_V04_R2,2037,0,0,0,0
G05,27.1,C_V04_R3,2038,8,19,5,5
G05,27.1,C_V04_R4,2039,0,0,4,7
G05,27.1,C_V04_R5,2040,0,0,6,5
G05,27.1,C_V05_R1,2041,0,0,27,14
G05,27.1,C_V05_R2,2042,0,0,0,0
G05,27.1,C_V05_R3,2043,22,25,0,0
G05,27.1,C_V05_R4,2044,31,24,0,0
G05,27.1,C_V05_R5,2045,0,0,43,39
G05,24.1,C_V06_R1,2046,31,37,1,4
G05,24.1,C_V06_R2,2047,0,0,11,2
G05,24.1,C_V06_R3,2048,0,0,0,0
G05,24.1,C_V06_R4,2049,0,0,28,25
G05,24.1,C_V06_R5,2050,35,30,0,2
G05,27.1,C_V07_R1,2051,31,24,1,2
G05,27.1,C_V07_R2,2052,0,0,25,22
G05,27.1,C_V07_R3,2053,13,16,0,0
G05,27.1,C_V07_R4,2054,29,16,0,0
G05,27.1,C_V07_R5,2055,29,31,0,0
G05,25.6,C_V08_R1,2056,19,19,0,0
G05,25.6,C_V08_R2,2057,0,0,4,9
G05,25.6,C_V08_R3,2058,0,0,19,18
G05,25.6,C_V08_R4,2059,0,0,46,42
G05,25.6,C_V08_R5,2060,35,26,0,0
G05,27.1,C_V09_R1,2061,2,1,0,0
G05,27.1,C_V09_R2,2062,1,3,9,8
G05,27.1,C_V09_R3,2063,18,24,1,1
G05,27.1,C_V09_R4,2064,0,0,1,0
G05,27.1,C_V09_R5,2065,0,0,13,14
G05,25.6,C_V10_R1,2066,16,18,3,5
G05,25.6,C_V10_R2,2067,33,24,1,4
G05,25.6,C_V10_R3,2068,0,0,63,59
G05,25.6,C_V10_R4,2069,0,0,52,46
G05,25.6,C_V10_R5,2070,40,8,0,0
G05,25.6,C_V11_R1,2071,0,0,14,21
G05,25.6,C_V11_R2,2072,28,37,0,0
G05,25.6,C_V11_R3,2073,30,40,0,1
G05,25.6,C_V11_R4,2074,27,29,0,0
G05,25.6,C_V11_R5,2075,23,32,0,1
G05,24.1,C_V12_R1,2076,0,0,64,43
G05,24.1,C_V12_R2,2077,13,8,0,1
G05,24.1,C_V12_R3,2078,7,12,3,4
G05,24.1,C_V12_R4,2079,0,0,4,7
G05,24.1,C_V12_R5,2080,28,31,3,2
G05,25.6,M_S_R1,2081,28,27,,
G05,25.6,M_S_R2,2082,0,0,,
G05,25.6,M_S_R3,2083,31,20,,
G05,25.6,M_S_R4,2084,32,30,,
G05,25.6,M_S_R5,2085,13,8,,
G05,25.6,M_S_R6,2086,32,17,,
G05,25.6,M_S_R7,2087,0,0,,
G05,25.6,M_S_R8,2088,38,29,,
G05,25.6,M_S_R9,2089,24,23,,
G05,25.6,M_S_R10,2090,34,20,,
G05,25.6,M_S_R11,2091,45,25,,
G05,25.6,M_S_R12,2092,20,19,,
G05,25.6,M_S_R13,2093,21,12,,
G05,25.6,M_S_R14,2094,0,0,,
G05,25.6,M_S_R15,2095,15,10,,
G05,25.6,M_S_R16,2096,0,0,,
G05,25.6,M_S_R17,2097,30,22,,
G05,25.6,M_S_R18,2098,17,13,,
G05,25.6,M_S_R19,2099,23,23,,
G05,25.6,M_S_R20,2100,39,33,,
G05,25.6,M_S_R21,2101,34,23,,
G05,25.6,M_S_R22,2102,0,0,,
G05,25.6,M_S_R23,2103,1,1,,
G05,25.6,M_S_R24,2104,21,17,,
G05,25.6,M_S_R25,2105,0,0,,
G05,25.6,M_S_R26,2106,0,0,,
G05,25.6,M_S_R27,2107,30,25,,
G05,25.6,M_S_R28,2108,0,0,,
G05,25.6,M_S_R29,2109,28,23,,
G05,25.6,M_S_R30,2110,1,1,,
G05,25.6,M_S_R31,2111,14,20,,
G05,25.6,M_S_R32,2112,7,1,,
G05,25.6,M_S_R33,2113,36,28,,
G05,25.6,M_S_R34,2114,14,10,,
G05,25.6,M_S_R35,2115,5,9,,
G05,25.6,M_S_R36,2116,36,31,,
G05,25.6,M_S_R37,2117,0,0,,
G05,25.6,M_S_R38,2118,27,24,,
G05,25.6,M_S_R39,2119,16,26,,
G05,25.6,M_S_R40,2120,0,0,,
G05,25.6,M_S_R41,2121,44,34,,
G05,25.6,M_S_R42,2122,13,10,,
G05,25.6,M_S_R43,2123,0,0,,
G05,25.6,M_S_R44,2124,31,21,,
G05,25.6,M_S_R45,2125,38,32,,
G05,25.6,M_S_R46,2126,31,28,,
G05,25.6,M_S_R47,2127,38,17,,
G05,25.6,M_S_R48,2128,15,16,,
G05,25.6,M_S_R49,2129,32,13,,
G05,25.6,M_S_R50,2130,0,0,,
G05,25.6,M_S_R51,2131,40,24,,
G05,25.6,M_S_R52,2132,0,0,,
G05,25.6,M_S_R53,2133,0,0,,
G05,25.6,M_S_R54,2134,21,13,,
G05,25.6,M_S_R55,2135,31,28,,
G05,25.6,M_S_R56,2136,0,0,,
G05,25.6,M_S_R57,2137,0,0,,
G05,25.6,M_S_R58,2138,31,27,,
G05,25.6,M_S_R59,2139,4,0,,
G05,25.6,M_S_R60,2140,31,22,,
G05,25.6,M_V01_R1,2141,14,13,,
G05,25.6,M_V01_R2,2142,24,15,,
G05,25.6,M_V01_R3,2143,32,27,,
G05,25.6,M_V01_R4,2144,38,26,,
G05,25.6,M_V01_R5,2145,28,24,,
G05,24.1,M_V02_R1,2146,0,0,,
G05,24.1,M_V02_R2,2147,0,0,,
G05,24.1,M_V02_R3,2148,8,2,,
G05,24.1,M_V02_R4,2149,0,0,,
G05,24.1,M_V02_R5,2150,0,0,,
G05,24.1,M_V03_R1,2151,0,0,,
G05,24.1,M_V03_R2,2152,0,0,,
G05,24.1,M_V03_R3,2153,0,0,,
G05,24.1,M_V03_R4,2154,0,0,,
G05,24.1,M_V03_R5,2155,38,21,,
G05,27.1,M_V04_R1,2156,0,0,,
G05,27.1,M_V04_R2,2157,0,0,,
G05,27.1,M_V04_R3,2158,0,0,,
G05,27.1,M_V04_R4,2159,0,0,,
G05,27.1,M_V04_R5,2160,0,0,,
G05,27.1,M_V05_R1,2161,0,0,,
G05,27.1,M_V05_R2,2162,0,0,,
G05,27.1,M_V05_R3,2163,0,0,,
G05,27.1,M_V05_R4,2164,5,6,,
G05,27.1,M_V05_R5,2165,0,0,,
G05,24.1,M_V06_R1,2166,0,0,,
G05,24.1,M_V06_R2,2167,17,18,,
G05,24.1,M_V06_R3,2168,46,40,,
G05,24.1,M_V06_R4,2169,0,0,,
G05,24.1,M_V06_R5,2170,0,0,,
G05,27.1,M_V07_R1,2171,0,0,,
G05,27.1,M_V07_R2,2172,26,28,,
G05,27.1,M_V07_R3,2173,44,38,,
G05,27.1,M_V07_R4,2174,40,37,,
G05,27.1,M_V07_R5,2175,50,45,,
G05,25.6,M_V08_R1,2176,8,4,,
G05,25.6,M_V08_R2,2177,0,0,,
G05,25.6,M_V08_R3,2178,0,0,,
G05,25.6,M_V08_R4,2179,0,0,,
G05,25.6,M_V08_R5,2180,0,0,,
G05,27.1,M_V09_R1,2181,29,16,,
G05,27.1,M_V09_R2,2182,20,29,,
G05,27.1,M_V09_R3,2183,0,0,,
G05,27.1,M_V09_R4,2184,0,0,,
G05,27.1,M_V09_R5,2185,20,18,,
G05,25.6,M_V10_R1,2186,11,18,,
G05,25.6,M_V10_R2,2187,25,25,,
G05,25.6,M_V10_R3,2188,28,29,,
G05,25.6,M_V10_R4,2189,0,0,,
G05,25.6,M_V10_R5,2190,0,0,,
G05,25.6,M_V11_R1,2191,21,14,,
G05,25.6,M_V11_R2,2192,34,30,,
G05,25.6,M_V11_R3,2193,0,0,,
G05,25.6,M_V11_R4,2194,29,9,,
G05,25.6,M_V11_R5,2195,0,0,,
G05,24.1,M_V12_R1,2196,0,0,,
G05,24.1,M_V12_R2,2197,42,19,,
G05,24.1,M_V12_R3,2198,18,14,,
G05,24.1,M_V12_R4,2199,31,34,,
G05,24.1,M_V12_R5,2200,12,10,,
G06,26,C_S_R1,2201,0,0,31,31
G06,26,C_S_R2,2202,0,0,18,20
G06,26,C_S_R3,2203,16,23,28,22
G06,26,C_S_R4,2204,20,32,0,0
G06,26,C_S_R5,2205,0,0,5,4
G06,26,C_S_R6,2206,0,0,0,0
G06,26,C_S_R7,2207,0,0,0,0
G06,26,C_S_R8,2208,9,3,3,3
G06,26,C_S_R9,2209,0,0,76,62
G06,26,C_S_R10,2210,0,0,0,0
G06,26,C_S_R11,2211,13,18,36,23
G06,26,C_S_R12,2212,0,0,0,0
G06,26,C_S_R13,2213,0,0,30,30
G06,26,C_S_R14,2214,44,34,0,0
G06,26,C_S_R15,2215,0,0,22,23
G06,26,C_S_R16,2216,14,11,9,14
G06,26,C_S_R17,2217,33,31,0,0
G06,26,C_S_R18,2218,24,35,0,0
G06,26,C_S_R19,2219,0,0,32,22
G06,26,C_S_R20,2220,9,7,0,0
G06,26,C_S_R21,2221,8,13,38,22
G06,26,C_S_R22,2222,7,10,0,1
G06,26,C_S_R23,2223,39,24,10,8
G06,26,C_S_R24,2224,15,15,0,0
G06,26,C_S_R25,2225,0,0,0,0
G06,26,C_S_R26,2226,0,0,13,14
G06,26,C_S_R27,2227,0,0,68,56
G06,26,C_S_R28,2228,0,0,75,55
G06,26,C_S_R29,2229,0,0,0,0
G06,26,C_S_R30,2230,0,0,76,56
G06,26,C_S_R31,2231,20,15,0,0
G06,26,C_S_R32,2232,0,0,0,0
G06,26,C_S_R33,2233,0,0,3,1
G06,26,C_S_R34,2234,19,19,0,0
G06,26,C_S_R35,2235,0,0,20,15
G06,26,C_S_R36,2236,0,0,0,0
G06,26,C_S_R37,2237,28,27,12,5
G06,26,C_S_R38,2238,0,0,0,0
G06,26,C_S_R39,2239,29,23,0,0
G06,26,C_S_R40,2240,7,9,0,0
G06,26,C_S_R41,2241,22,33,2,1
G06,26,C_S_R42,2242,7,6,0,0
G06,26,C_S_R43,2243,0,0,79,50
G06,26,C_S_R44,2244,10,7,0,0
G06,26,C_S_R45,2245,0,0,52,42
G06,26,C_S_R46,2246,0,0,3,3
G06,26,C_S_R47,2247,22,25,0,0
G06,26,C_S_R48,2248,0,0,0,0
G06,26,C_S_R49,2249,0,0,0,0
G06,26,C_S_R50,2250,0,0,30,23
G06,26,C_S_R51,2251,15,9,1,1
G06,26,C_S_R52,2252,0,0,0,0
G06,26,C_S_R53,2253,0,0,63,60
G06,26,C_S_R54,2254,31,25,0,0
G06,26,C_S_R55,2255,22,16,0,0
G06,26,C_S_R56,2256,14,17,0,0
G06,26,C_S_R57,2257,0,0,65,52
G06,26,C_S_R58,2258,0,0,0,0
G06,26,C_S_R59,2259,0,0,5,3
G06,26,C_S_R60,2260,0,0,60,56
G06,27.5,C_V01_R1,2261,0,0,0,0
G06,27.5,C_V01_R2,2262,32,27,0,0
G06,27.5,C_V01_R3,2263,0,0,1,0
G06,27.5,C_V01_R4,2264,12,14,0,0
G06,27.5,C_V01_R5,2265,0,0,0,0
G06,24.5,C_V02_R1,2266,0,0,0,0
G06,24.5,C_V02_R2,2267,5,10,28,26
G06,24.5,C_V02_R3,2268,0,0,44,42
G06,24.5,C_V02_R4,2269,12,11,19,23
G06,24.5,C_V02_R5,2270,34,34,0,0
G06,26,C_V03_R1,2271,13,13,22,24
G06,26,C_V03_R2,2272,0,0,28,23
G06,26,C_V03_R3,2273,0,0,0,0
G06,26,C_V03_R4,2274,31,25,0,0
G06,26,C_V03_R5,2275,0,0,0,0
G06,26,C_V04_R1,2276,0,0,1,1
G06,26,C_V04_R2,2277,0,0,0,0
G06,26,C_V04_R3,2278,0,0,0,0
G06,26,C_V04_R4,2279,0,0,39,29
G06,26,C_V04_R5,2280,0,0,37,35
G06,27.5,C_V05_R1,2281,0,0,5,6
G06,27.5,C_V05_R2,2282,0,0,0,0
G06,27.5,C_V05_R3,2283,13,6,0,0
G06,27.5,C_V05_R4,2284,0,0,0,0
G06,27.5,C_V05_R5,2285,0,0,17,21
G06,26,C_V06_R1,2286,15,9,6,4
G06,26,C_V06_R2,2287,0,0,42,26
G06,26,C_V06_R3,2288,0,0,0,0
G06,26,C_V06_R4,2289,0,0,63,38
G06,26,C_V06_R5,2290,6,8,0,0
G06,27.5,C_V07_R1,2291,0,0,0,0
G06,27.5,C_V07_R2,2292,0,0,0,0
G06,27.5,C_V07_R3,2293,0,0,0,0
G06,27.5,C_V07_R4,2294,0,0,0,0
G06,27.5,C_V07_R5,2295,0,0,0,0
G06,24.5,C_V08_R1,2296,10,11,0,0
G06,24.5,C_V08_R2,2297,0,0,0,0
G06,24.5,C_V08_R3,2298,0,0,74,57
G06,24.5,C_V08_R4,2299,0,0,42,32
G06,24.5,C_V08_R5,2300,10,6,0,0
G06,27.5,C_V09_R1,2301,0,0,0,0
G06,27.5,C_V09_R2,2302,0,1,11,3
G06,27.5,C_V09_R3,2303,8,6,3,4
G06,27.5,C_V09_R4,2304,0,0,0,0
G06,27.5,C_V09_R5,2305,0,0,32,17
G06,24.5,C_V10_R1,2306,9,11,2,2
G06,24.5,C_V10_R2,2307,6,3,5,3
G06,24.5,C_V10_R3,2308,0,0,53,52
G06,24.5,C_V10_R4,2309,0,0,57,42
G06,24.5,C_V10_R5,2310,0,0,0,0
G06,24.5,C_V11_R1,2311,0,0,66,64
G06,24.5,C_V11_R2,2312,15,18,0,0
G06,24.5,C_V11_R3,2313,10,15,0,0
G06,24.5,C_V11_R4,2314,48,23,0,0
G06,24.5,C_V11_R5,2315,15,22,0,0
G06,26,C_V12_R1,2316,0,0,42,45
G06,26,C_V12_R2,2317,25,27,0,0
G06,26,C_V12_R3,2318,11,4,29,23
G06,26,C_V12_R4,2319,0,0,39,24
G06,26,C_V12_R5,2320,5,2,5,3
G06,26,M_S_R1,2321,9,4,,
G06,26,M_S_R2,2322,0,0,,
G06,26,M_S_R3,2323,37,24,,
G06,26,M_S_R4,2324,31,25,,
G06,26,M_S_R5,2325,57,44,,
G06,26,M_S_R6,2326,47,25,,
G06,26,M_S_R7,2327,0,0,,
G06,26,M_S_R8,2328,15,15,,
G06,26,M_S_R9,2329,5,11,,
G06,26,M_S_R10,2330,19,18,,
G06,26,M_S_R11,2331,27,38,,
G06,26,M_S_R12,2332,33,39,,
G06,26,M_S_R13,2333,10,5,,
G06,26,M_S_R14,2334,0,0,,
G06,26,M_S_R15,2335,5,11,,
G06,26,M_S_R16,2336,0,0,,
G06,26,M_S_R17,2337,14,10,,
G06,26,M_S_R18,2338,9,14,,
G06,26,M_S_R19,2339,38,24,,
G06,26,M_S_R20,2340,15,26,,
G06,26,M_S_R21,2341,28,15,,
G06,26,M_S_R22,2342,0,0,,
G06,26,M_S_R23,2343,0,0,,
G06,26,M_S_R24,2344,36,17,,
G06,26,M_S_R25,2345,0,0,,
G06,26,M_S_R26,2346,0,0,,
G06,26,M_S_R27,2347,40,26,,
G06,26,M_S_R28,2348,0,0,,
G06,26,M_S_R29,2349,27,35,,
G06,26,M_S_R30,2350,0,0,,
G06,26,M_S_R31,2351,16,12,,
G06,26,M_S_R32,2352,56,47,,
G06,26,M_S_R33,2353,30,22,,
G06,26,M_S_R34,2354,40,31,,
G06,26,M_S_R35,2355,26,30,,
G06,26,M_S_R36,2356,4,5,,
G06,26,M_S_R37,2357,0,0,,
G06,26,M_S_R38,2358,32,32,,
G06,26,M_S_R39,2359,20,17,,
G06,26,M_S_R40,2360,0,0,,
G06,26,M_S_R41,2361,16,16,,
G06,26,M_S_R42,2362,36,25,,
G06,26,M_S_R43,2363,0,0,,
G06,26,M_S_R44,2364,15,30,,
G06,26,M_S_R45,2365,34,34,,
G06,26,M_S_R46,2366,36,35,,
G06,26,M_S_R47,2367,21,25,,
G06,26,M_S_R48,2368,38,35,,
G06,26,M_S_R49,2369,34,43,,
G06,26,M_S_R50,2370,0,0,,
G06,26,M_S_R51,2371,9,7,,
G06,26,M_S_R52,2372,0,0,,
G06,26,M_S_R53,2373,0,0,,
G06,26,M_S_R54,2374,36,45,,
G06,26,M_S_R55,2375,12,11,,
G06,26,M_S_R56,2376,0,0,,
G06,26,M_S_R57,2377,0,0,,
G06,26,M_S_R58,2378,20,28,,
G06,26,M_S_R59,2379,0,0,,
G06,26,M_S_R60,2380,41,38,,
G06,27.5,M_V01_R1,2381,54,29,,
G06,27.5,M_V01_R2,2382,15,11,,
G06,27.5,M_V01_R3,2383,25,16,,
G06,27.5,M_V01_R4,2384,9,5,,
G06,27.5,M_V01_R5,2385,14,9,,
G06,24.5,M_V02_R1,2386,0,0,,
G06,24.5,M_V02_R2,2387,0,0,,
G06,24.5,M_V02_R3,2388,34,35,,
G06,24.5,M_V02_R4,2389,0,0,,
G06,24.5,M_V02_R5,2390,0,0,,
G06,26,M_V03_R1,2391,0,0,,
G06,26,M_V03_R2,2392,0,0,,
G06,26,M_V03_R3,2393,0,0,,
G06,26,M_V03_R4,2394,0,0,,
G06,26,M_V03_R5,2395,14,13,,
G06,26,M_V04_R1,2396,0,0,,
G06,26,M_V04_R2,2397,0,0,,
G06,26,M_V04_R3,2398,0,0,,
G06,26,M_V04_R4,2399,0,0,,
G06,26,M_V04_R5,2400,0,0,,
G06,27.5,M_V05_R1,2401,0,0,,
G06,27.5,M_V05_R2,2402,0,0,,
G06,27.5,M_V05_R3,2403,0,0,,
G06,27.5,M_V05_R4,2404,6,4,,
G06,27.5,M_V05_R5,2405,0,0,,
G06,26,M_V06_R1,2406,0,0,,
G06,26,M_V06_R2,2407,14,21,,
G06,26,M_V06_R3,2408,9,11,,
G06,26,M_V06_R4,2409,0,0,,
G06,26,M_V06_R5,2410,0,0,,
G06,27.5,M_V07_R1,2411,0,0,,
G06,27.5,M_V07_R2,2412,9,7,,
G06,27.5,M_V07_R3,2413,15,13,,
G06,27.5,M_V07_R4,2414,0,0,,
G06,27.5,M_V07_R5,2415,12,9,,
G06,24.5,M_V08_R1,2416,8,7,,
G06,24.5,M_V08_R2,2417,0,0,,
G06,24.5,M_V08_R3,2418,0,0,,
G06,24.5,M_V08_R4,2419,0,0,,
G06,24.5,M_V08_R5,2420,0,0,,
G06,27.5,M_V09_R1,2421,28,27,,
G06,27.5,M_V09_R2,2422,34,20,,
G06,27.5,M_V09_R3,2423,0,0,,
G06,27.5,M_V09_R4,2424,0,0,,
G06,27.5,M_V09_R5,2425,33,26,,
G06,24.5,M_V10_R1,2426,0,0,,
G06,24.5,M_V10_R2,2427,12,15,,
G06,24.5,M_V10_R3,2428,5,6,,
G06,24.5,M_V10_R4,2429,0,0,,
G06,24.5,M_V10_R5,2430,0,0,,
G06,24.5,M_V11_R1,2431,30,37,,
G06,24.5,M_V11_R2,2432,17,18,,
G06,24.5,M_V11_R3,2433,0,0,,
G06,24.5,M_V11_R4,2434,2,6,,
G06,24.5,M_V11_R5,2435,0,0,,
G06,26,M_V12_R1,2436,0,0,,
G06,26,M_V12_R2,2437,20,19,,
G06,26,M_V12_R3,2438,31,29,,
G06,26,M_V12_R4,2439,16,10,,
G06,26,M_V12_R5,2440,7,9,,
G07,26.4,C_S_R1,2441,0,0,30,26
G07,26.4,C_S_R2,2442,0,0,2,4
G07,26.4,C_S_R3,2443,0,0,6,8
G07,26.4,C_S_R4,2444,0,0,0,0
G07,26.4,C_S_R5,2445,0,0,1,0
G07,26.4,C_S_R6,2446,0,0,0,0
G07,26.4,C_S_R7,2447,0,0,0,0
G07,26.4,C_S_R8,2448,6,7,4,4
G07,26.4,C_S_R9,2449,0,0,50,48
G07,26.4,C_S_R10,2450,0,0,0,0
G07,26.4,C_S_R11,2451,0,0,5,7
G07,26.4,C_S_R12,2452,0,0,0,0
G07,26.4,C_S_R13,2453,0,0,15,13
G07,26.4,C_S_R14,2454,0,0,0,0
G07,26.4,C_S_R15,2455,0,0,18,20
G07,26.4,C_S_R16,2456,0,0,0,0
G07,26.4,C_S_R17,2457,22,10,0,0
G07,26.4,C_S_R18,2458,0,0,0,0
G07,26.4,C_S_R19,2459,0,0,0,0
G07,26.4,C_S_R20,2460,1,1,0,0
G07,26.4,C_S_R21,2461,0,0,21,21
G07,26.4,C_S_R22,2462,7,12,0,0
G07,26.4,C_S_R23,2463,5,5,12,13
G07,26.4,C_S_R24,2464,8,4,0,0
G07,26.4,C_S_R25,2465,0,0,0,0
G07,26.4,C_S_R26,2466,0,0,12,23
G07,26.4,C_S_R27,2467,0,0,14,16
G07,26.4,C_S_R28,2468,0,0,54,46
G07,26.4,C_S_R29,2469,0,0,0,0
G07,26.4,C_S_R30,2470,0,0,65,45
G07,26.4,C_S_R31,2471,5,5,0,0
G07,26.4,C_S_R32,2472,0,0,0,0
G07,26.4,C_S_R33,2473,0,0,31,23
G07,26.4,C_S_R34,2474,9,12,0,0
G07,26.4,C_S_R35,2475,0,0,54,60
G07,26.4,C_S_R36,2476,0,0,0,0
G07,26.4,C_S_R37,2477,0,1,33,25
G07,26.4,C_S_R38,2478,0,0,0,0
G07,26.4,C_S_R39,2479,0,0,0,0
G07,26.4,C_S_R40,2480,16,18,0,0
G07,26.4,C_S_R41,2481,0,0,0,0
G07,26.4,C_S_R42,2482,28,42,0,0
G07,26.4,C_S_R43,2483,0,0,15,13
G07,26.4,C_S_R44,2484,9,3,0,0
G07,26.4,C_S_R45,2485,0,0,27,23
G07,26.4,C_S_R46,2486,0,0,5,4
G07,26.4,C_S_R47,2487,0,0,0,0
G07,26.4,C_S_R48,2488,0,0,0,0
G07,26.4,C_S_R49,2489,0,0,0,0
G07,26.4,C_S_R50,2490,0,0,38,29
G07,26.4,C_S_R51,2491,11,10,0,0
G07,26.4,C_S_R52,2492,0,0,0,0
G07,26.4,C_S_R53,2493,0,0,54,43
G07,26.4,C_S_R54,2494,3,1,0,0
G07,26.4,C_S_R55,2495,5,6,0,0
G07,26.4,C_S_R56,2496,5,4,0,0
G07,26.4,C_S_R57,2497,0,0,23,26
G07,26.4,C_S_R58,2498,0,0,0,0
G07,26.4,C_S_R59,2499,0,0,17,18
G07,26.4,C_S_R60,2500,0,0,34,32
G07,24.9,C_V01_R1,2501,0,0,0,0
G07,24.9,C_V01_R2,2502,0,0,0,0
G07,24.9,C_V01_R3,2503,0,0,0,0
G07,24.9,C_V01_R4,2504,12,9,0,0
G07,24.9,C_V01_R5,2505,0,0,0,0
G07,27.9,C_V02_R1,2506,0,0,0,0
G07,27.9,C_V02_R2,2507,0,0,2,7
G07,27.9,C_V02_R3,2508,0,0,12,17
G07,27.9,C_V02_R4,2509,0,0,0,0
G07,27.9,C_V02_R5,2510,1,1,0,0
G07,27.9,C_V03_R1,2511,0,0,1,0
G07,27.9,C_V03_R2,2512,0,0,0,0
G07,27.9,C_V03_R3,2513,0,0,0,0
G07,27.9,C_V03_R4,2514,0,0,0,0
G07,27.9,C_V03_R5,2515,0,0,0,0
G07,26.4,C_V04_R1,2516,0,0,0,0
G07,26.4,C_V04_R2,2517,0,0,0,0
G07,26.4,C_V04_R3,2518,0,0,0,0
G07,26.4,C_V04_R4,2519,0,0,44,36
G07,26.4,C_V04_R5,2520,0,0,58,44
G07,26.4,C_V05_R1,2521,0,0,14,8
G07,26.4,C_V05_R2,2522,0,0,0,0
G07,26.4,C_V05_R3,2523,0,0,0,0
G07,26.4,C_V05_R4,2524,0,0,0,0
G07,26.4,C_V05_R5,2525,0,0,42,29
G07,24.9,C_V06_R1,2526,0,1,10,18
G07,24.9,C_V06_R2,2527,0,0,6,4
G07,24.9,C_V06_R3,2528,0,0,0,0
G07,24.9,C_V06_R4,2529,0,0,13,12
G07,24.9,C_V06_R5,2530,20,10,0,0
G07,24.9,C_V07_R1,2531,0,0,0,0
G07,24.9,C_V07_R2,2532,0,0,0,0
G07,24.9,C_V07_R3,2533,0,0,0,0
G07,24.9,C_V07_R4,2534,0,0,0,0
G07,24.9,C_V07_R5,2535,0,0,0,0
G07,27.9,C_V08_R1,2536,5,10,0,0
G07,27.9,C_V08_R2,2537,0,0,0,0
G07,27.9,C_V08_R3,2538,0,0,17,14
G07,27.9,C_V08_R4,2539,0,0,39,22
G07,27.9,C_V08_R5,2540,23,43,0,0
G07,27.9,C_V09_R1,2541,0,0,0,0
G07,27.9,C_V09_R2,2542,0,0,0,0
G07,27.9,C_V09_R3,2543,5,5,0,0
G07,27.9,C_V09_R4,2544,0,0,0,0
G07,27.9,C_V09_R5,2545,0,0,10,4
G07,26.4,C_V10_R1,2546,36,3,0,0
G07,26.4,C_V10_R2,2547,20,24,2,0
G07,26.4,C_V10_R3,2548,0,0,12,12
G07,26.4,C_V10_R4,2549,0,0,17,8
G07,26.4,C_V10_R5,2550,0,0,0,0
G07,26.4,C_V11_R1,2551,0,0,37,29
G07,26.4,C_V11_R2,2552,39,32,0,0
G07,26.4,C_V11_R3,2553,39,25,0,0
G07,26.4,C_V11_R4,2554,25,31,0,0
G07,26.4,C_V11_R5,2555,33,25,0,0
G07,24.9,C_V12_R1,2556,0,0,21,21
G07,24.9,C_V12_R2,2557,0,2,0,0
G07,24.9,C_V12_R3,2558,0,0,12,14
G07,24.9,C_V12_R4,2559,0,0,16,11
G07,24.9,C_V12_R5,2560,7,7,5,6
G07,26.4,M_S_R1,2561,36,27,,
G07,26.4,M_S_R2,2562,0,0,,
G07,26.4,M_S_R3,2563,6,8,,
G07,26.4,M_S_R4,2564,20,19,,
G07,26.4,M_S_R5,2565,13,6,,
G07,26.4,M_S_R6,2566,7,7,,
G07,26.4,M_S_R7,2567,0,0,,
G07,26.4,M_S_R8,2568,10,12,,
G07,26.4,M_S_R9,2569,2,11,,
G07,26.4,M_S_R10,2570,1,1,,
G07,26.4,M_S_R11,2571,1,4,,
G07,26.4,M_S_R12,2572,5,8,,
G07,26.4,M_S_R13,2573,16,9,,
G07,26.4,M_S_R14,2574,0,0,,
G07,26.4,M_S_R15,2575,18,15,,
G07,26.4,M_S_R16,2576,0,0,,
G07,26.4,M_S_R17,2577,8,7,,
G07,26.4,M_S_R18,2578,0,0,,
G07,26.4,M_S_R19,2579,2,2,,
G07,26.4,M_S_R20,2580,7,10,,
G07,26.4,M_S_R21,2581,2,1,,
G07,26.4,M_S_R22,2582,0,0,,
G07,26.4,M_S_R23,2583,0,0,,
G07,26.4,M_S_R24,2584,12,7,,
G07,26.4,M_S_R25,2585,0,0,,
G07,26.4,M_S_R26,2586,0,0,,
G07,26.4,M_S_R27,2587,3,3,,
G07,26.4,M_S_R28,2588,0,0,,
G07,26.4,M_S_R29,2589,2,1,,
G07,26.4,M_S_R30,2590,0,0,,
G07,26.4,M_S_R31,2591,6,9,,
G07,26.4,M_S_R32,2592,1,2,,
G07,26.4,M_S_R33,2593,16,19,,
G07,26.4,M_S_R34,2594,0,2,,
G07,26.4,M_S_R35,2595,0,0,,
G07,26.4,M_S_R36,2596,20,21,,
G07,26.4,M_S_R37,2597,0,0,,
G07,26.4,M_S_R38,2598,13,18,,
G07,26.4,M_S_R39,2599,2,4,,
G07,26.4,M_S_R40,2600,0,0,,
G07,26.4,M_S_R41,2601,5,6,,
G07,26.4,M_S_R42,2602,4,6,,
G07,26.4,M_S_R43,2603,0,0,,
G07,26.4,M_S_R44,2604,9,8,,
G07,26.4,M_S_R45,2605,11,5,,
G07,26.4,M_S_R46,2606,3,8,,
G07,26.4,M_S_R47,2607,10,10,,
G07,26.4,M_S_R48,2608,1,2,,
G07,26.4,M_S_R49,2609,4,3,,
G07,26.4,M_S_R50,2610,0,0,,
G07,26.4,M_S_R51,2611,16,19,,
G07,26.4,M_S_R52,2612,0,0,,
G07,26.4,M_S_R53,2613,0,0,,
G07,26.4,M_S_R54,2614,3,1,,
G07,26.4,M_S_R55,2615,4,5,,
G07,26.4,M_S_R56,2616,0,0,,
G07,26.4,M_S_R57,2617,0,0,,
G07,26.4,M_S_R58,2618,0,0,,
G07,26.4,M_S_R59,2619,0,0,,
G07,26.4,M_S_R60,2620,3,1,,
G07,24.9,M_V01_R1,2621,4,2,,
G07,24.9,M_V01_R2,2622,4,2,,
G07,24.9,M_V01_R3,2623,0,0,,
G07,24.9,M_V01_R4,2624,21,19,,
G07,24.9,M_V01_R5,2625,1,1,,
G07,27.9,M_V02_R1,2626,0,0,,
G07,27.9,M_V02_R2,2627,0,0,,
G07,27.9,M_V02_R3,2628,4,4,,
G07,27.9,M_V02_R4,2629,0,0,,
G07,27.9,M_V02_R5,2630,0,0,,
G07,27.9,M_V03_R1,2631,20,33,,
G07,27.9,M_V03_R2,2632,0,0,,
G07,27.9,M_V03_R3,2633,0,0,,
G07,27.9,M_V03_R4,2634,0,0,,
G07,27.9,M_V03_R5,2635,2,1,,
G07,26.4,M_V04_R1,2636,0,0,,
G07,26.4,M_V04_R2,2637,0,0,,
G07,26.4,M_V04_R3,2638,0,0,,
G07,26.4,M_V04_R4,2639,0,0,,
G07,26.4,M_V04_R5,2640,0,0,,
G07,26.4,M_V05_R1,2641,0,0,,
G07,26.4,M_V05_R2,2642,0,0,,
G07,26.4,M_V05_R3,2643,0,0,,
G07,26.4,M_V05_R4,2644,0,0,,
G07,26.4,M_V05_R5,2645,0,0,,
G07,24.9,M_V06_R1,2646,0,0,,
G07,24.9,M_V06_R2,2647,0,0,,
G07,24.9,M_V06_R3,2648,0,0,,
G07,24.9,M_V06_R4,2649,0,0,,
G07,24.9,M_V06_R5,2650,0,0,,
G07,24.9,M_V07_R1,2651,0,0,,
G07,24.9,M_V07_R2,2652,0,0,,
G07,24.9,M_V07_R3,2653,0,0,,
G07,24.9,M_V07_R4,2654,0,0,,
G07,24.9,M_V07_R5,2655,3,0,,
G07,27.9,M_V08_R1,2656,39,32,,
G07,27.9,M_V08_R2,2657,0,0,,
G07,27.9,M_V08_R3,2658,0,0,,
G07,27.9,M_V08_R4,2659,0,0,,
G07,27.9,M_V08_R5,2660,0,0,,
G07,27.9,M_V09_R1,2661,0,0,,
G07,27.9,M_V09_R2,2662,0,0,,
G07,27.9,M_V09_R3,2663,0,0,,
G07,27.9,M_V09_R4,2664,0,0,,
G07,27.9,M_V09_R5,2665,0,0,,
G07,26.4,M_V10_R1,2666,0,0,,
G07,26.4,M_V10_R2,2667,27,25,,
G07,26.4,M_V10_R3,2668,33,20,,
G07,26.4,M_V10_R4,2669,0,0,,
G07,26.4,M_V10_R5,2670,0,0,,
G07,26.4,M_V11_R1,2671,22,19,,
G07,26.4,M_V11_R2,2672,11,15,,
G07,26.4,M_V11_R3,2673,0,0,,
G07,26.4,M_V11_R4,2674,8,10,,
G07,26.4,M_V11_R5,2675,0,0,,
G07,24.9,M_V12_R1,2676,0,0,,
G07,24.9,M_V12_R2,2677,0,0,,
G07,24.9,M_V12_R3,2678,0,1,,
G07,24.9,M_V12_R4,2679,0,0,,
G07,24.9,M_V12_R5,2680,0,1,,
G08,26.8,C_S_R1,2681,0,0,43,42
G08,26.8,C_S_R2,2682,0,0,5,4
G08,26.8,C_S_R3,2683,0,0,40,36
G08,26.8,C_S_R4,2684,0,0,0,0
G08,26.8,C_S_R5,2685,0,0,4,2
G08,26.8,C_S_R6,2686,0,0,0,0
G08,26.8,C_S_R7,2687,0,0,0,0
G08,26.8,C_S_R8,2688,3,2,6,5
G08,26.8,C_S_R9,2689,0,0,52,38
G08,26.8,C_S_R10,2690,0,0,0,0
G08,26.8,C_S_R11,2691,0,0,7,2
G08,26.8,C_S_R12,2692,0,0,0,0
G08,26.8,C_S_R13,2693,0,0,31,25
G08,26.8,C_S_R14,2694,0,0,0,0
G08,26.8,C_S_R15,2695,0,0,21,16
G08,26.8,C_S_R16,2696,0,0,0,0
G08,26.8,C_S_R17,2697,11,16,4,2
G08,26.8,C_S_R18,2698,0,0,0,0
G08,26.8,C_S_R19,2699,0,0,0,0
G08,26.8,C_S_R20,2700,20,21,4,2
G08,26.8,C_S_R21,2701,0,0,71,42
G08,26.8,C_S_R22,2702,13,10,4,2
G08,26.8,C_S_R23,2703,8,6,40,32
G08,26.8,C_S_R24,2704,9,2,4,2
G08,26.8,C_S_R25,2705,0,0,0,0
G08,26.8,C_S_R26,2706,0,0,32,24
G08,26.8,C_S_R27,2707,0,0,47,38
G08,26.8,C_S_R28,2708,0,0,32,23
G08,26.8,C_S_R29,2709,0,0,0,0
G08,26.8,C_S_R30,2710,0,0,52,35
G08,26.8,C_S_R31,2711,1,5,4,2
G08,26.8,C_S_R32,2712,0,0,0,0
G08,26.8,C_S_R33,2713,0,0,24,16
G08,26.8,C_S_R34,2714,37,26,4,2
G08,26.8,C_S_R35,2715,0,0,31,19
G08,26.8,C_S_R36,2716,0,0,0,0
G08,26.8,C_S_R37,2717,0,0,65,41
G08,26.8,C_S_R38,2718,0,0,0,0
G08,26.8,C_S_R39,2719,0,0,0,0
G08,26.8,C_S_R40,2720,20,23,4,2
G08,26.8,C_S_R41,2721,0,0,0,0
G08,26.8,C_S_R42,2722,0,0,4,2
G08,26.8,C_S_R43,2723,0,0,53,46
G08,26.8,C_S_R44,2724,0,0,0,0
G08,26.8,C_S_R45,2725,0,0,46,32
G08,26.8,C_S_R46,2726,0,0,67,43
G08,26.8,C_S_R47,2727,0,0,0,0
G08,26.8,C_S_R48,2728,0,0,0,0
G08,26.8,C_S_R49,2729,0,0,0,0
G08,26.8,C_S_R50,2730,0,0,52,41
G08,26.8,C_S_R51,2731,3,6,4,2
G08,26.8,C_S_R52,2732,0,0,0,0
G08,26.8,C_S_R53,2733,0,0,43,51
G08,26.8,C_S_R54,2734,0,0,0,0
G08,26.8,C_S_R55,2735,22,26,4,2
G08,26.8,C_S_R56,2736,14,17,4,2
G08,26.8,C_S_R57,2737,0,0,32,24
G08,26.8,C_S_R58,2738,0,0,0,0
G08,26.8,C_S_R59,2739,0,0,46,35
G08,26.8,C_S_R60,2740,0,0,64,47
G08,25.3,C_V01_R1,2741,0,0,0,0
G08,25.3,C_V01_R2,2742,0,0,0,0
G08,25.3,C_V01_R3,2743,0,0,0,0
G08,25.3,C_V01_R4,2744,2,1,4,2
G08,25.3,C_V01_R5,2745,0,0,0,0
G08,28.3,C_V02_R1,2746,0,0,0,0
G08,28.3,C_V02_R2,2747,0,0,0,0
G08,28.3,C_V02_R3,2748,0,0,34,30
G08,28.3,C_V02_R4,2749,0,0,0,0
G08,28.3,C_V02_R5,2750,4,8,4,2
G08,28.3,C_V03_R1,2751,0,0,0,0
G08,28.3,C_V03_R2,2752,0,0,0,0
G08,28.3,C_V03_R3,2753,0,0,0,0
G08,28.3,C_V03_R4,2754,0,0,0,0
G08,28.3,C_V03_R5,2755,0,0,0,0
G08,25.3,C_V04_R1,2756,0,0,0,0
G08,25.3,C_V04_R2,2757,0,0,0,0
G08,25.3,C_V04_R3,2758,0,0,0,0
G08,25.3,C_V04_R4,2759,0,0,60,45
G08,25.3,C_V04_R5,2760,0,0,44,28
G08,28.3,C_V05_R1,2761,0,0,37,29
G08,28.3,C_V05_R2,2762,0,0,0,0
G08,28.3,C_V05_R3,2763,0,0,0,0
G08,28.3,C_V05_R4,2764,0,0,0,0
G08,28.3,C_V05_R5,2765,0,0,56,36
G08,28.3,C_V06_R1,2766,0,0,41,36
G08,28.3,C_V06_R2,2767,0,0,46,33
G08,28.3,C_V06_R3,2768,0,0,0,0
G08,28.3,C_V06_R4,2769,0,0,59,55
G08,28.3,C_V06_R5,2770,42,28,4,2
G08,26.8,C_V07_R1,2771,0,0,0,0
G08,26.8,C_V07_R2,2772,0,0,0,0
G08,26.8,C_V07_R3,2773,0,0,0,0
G08,26.8,C_V07_R4,2774,0,0,0,0
G08,26.8,C_V07_R5,2775,0,0,0,0
G08,26.8,C_V08_R1,2776,3,0,4,2
G08,26.8,C_V08_R2,2777,0,0,0,0
G08,26.8,C_V08_R3,2778,0,0,39,37
G08,26.8,C_V08_R4,2779,0,0,4,3
G08,26.8,C_V08_R5,2780,0,0,4,2
G08,25.3,C_V09_R1,2781,0,0,0,0
G08,25.3,C_V09_R2,2782,0,0,0,0
G08,25.3,C_V09_R3,2783,0,0,0,0
G08,25.3,C_V09_R4,2784,0,0,0,0
G08,25.3,C_V09_R5,2785,0,0,8,4
G08,26.8,C_V10_R1,2786,18,8,4,2
G08,26.8,C_V10_R2,2787,0,1,4,2
G08,26.8,C_V10_R3,2788,0,0,29,29
G08,26.8,C_V10_R4,2789,0,0,0,0
G08,26.8,C_V10_R5,2790,0,0,0,0
G08,26.8,C_V11_R1,2791,0,0,19,19
G08,26.8,C_V11_R2,2792,22,9,4,2
G08,26.8,C_V11_R3,2793,0,0,0,0
G08,26.8,C_V11_R4,2794,5,9,4,2
G08,26.8,C_V11_R5,2795,4,4,4,2
G08,25.3,C_V12_R1,2796,0,0,19,13
G08,25.3,C_V12_R2,2797,0,0,0,0
G08,25.3,C_V12_R3,2798,0,0,79,47
G08,25.3,C_V12_R4,2799,0,0,49,33
G08,25.3,C_V12_R5,2800,38,30,6,8
G08,26.8,M_S_R1,2801,5,5,,
G08,26.8,M_S_R2,2802,0,0,,
G08,26.8,M_S_R3,2803,15,13,,
G08,26.8,M_S_R4,2804,19,21,,
G08,26.8,M_S_R5,2805,14,12,,
G08,26.8,M_S_R6,2806,29,24,,
G08,26.8,M_S_R7,2807,0,0,,
G08,26.8,M_S_R8,2808,17,16,,
G08,26.8,M_S_R9,2809,5,4,,
G08,26.8,M_S_R10,2810,3,6,,
G08,26.8,M_S_R11,2811,1,6,,
G08,26.8,M_S_R12,2812,0,3,,
G08,26.8,M_S_R13,2813,31,37,,
G08,26.8,M_S_R14,2814,0,0,,
G08,26.8,M_S_R15,2815,25,17,,
G08,26.8,M_S_R16,2816,0,0,,
G08,26.8,M_S_R17,2817,29,26,,
G08,26.8,M_S_R18,2818,0,0,,
G08,26.8,M_S_R19,2819,2,0,,
G08,26.8,M_S_R20,2820,12,10,,
G08,26.8,M_S_R21,2821,0,0,,
G08,26.8,M_S_R22,2822,0,0,,
G08,26.8,M_S_R23,2823,0,0,,
G08,26.8,M_S_R24,2824,24,27,,
G08,26.8,M_S_R25,2825,0,0,,
G08,26.8,M_S_R26,2826,0,0,,
G08,26.8,M_S_R27,2827,0,0,,
G08,26.8,M_S_R28,2828,0,0,,
G08,26.8,M_S_R29,2829,0,0,,
G08,26.8,M_S_R30,2830,0,0,,
G08,26.8,M_S_R31,2831,7,10,,
G08,26.8,M_S_R32,2832,0,1,,
G08,26.8,M_S_R33,2833,24,8,,
G08,26.8,M_S_R34,2834,0,0,,
G08,26.8,M_S_R35,2835,0,0,,
G08,26.8,M_S_R36,2836,16,10,,
G08,26.8,M_S_R37,2837,0,0,,
G08,26.8,M_S_R38,2838,13,14,,
G08,26.8,M_S_R39,2839,41,24,,
G08,26.8,M_S_R40,2840,0,0,,
G08,26.8,M_S_R41,2841,21,21,,
G08,26.8,M_S_R42,2842,34,32,,
G08,26.8,M_S_R43,2843,0,0,,
G08,26.8,M_S_R44,2844,27,14,,
G08,26.8,M_S_R45,2845,34,30,,
G08,26.8,M_S_R46,2846,0,1,,
G08,26.8,M_S_R47,2847,20,30,,
G08,26.8,M_S_R48,2848,0,0,,
G08,26.8,M_S_R49,2849,20,23,,
G08,26.8,M_S_R50,2850,0,0,,
G08,26.8,M_S_R51,2851,20,26,,
G08,26.8,M_S_R52,2852,0,0,,
G08,26.8,M_S_R53,2853,0,0,,
G08,26.8,M_S_R54,2854,0,0,,
G08,26.8,M_S_R55,2855,8,12,,
G08,26.8,M_S_R56,2856,0,0,,
G08,26.8,M_S_R57,2857,0,0,,
G08,26.8,M_S_R58,2858,0,0,,
G08,26.8,M_S_R59,2859,0,0,,
G08,26.8,M_S_R60,2860,0,0,,
G08,25.3,M_V01_R1,2861,0,0,,
G08,25.3,M_V01_R2,2862,0,0,,
G08,25.3,M_V01_R3,2863,0,0,,
G08,25.3,M_V01_R4,2864,0,1,,
G08,25.3,M_V01_R5,2865,0,0,,
G08,28.3,M_V02_R1,2866,0,0,,
G08,28.3,M_V02_R2,2867,0,0,,
G08,28.3,M_V02_R3,2868,4,4,,
G08,28.3,M_V02_R4,2869,0,0,,
G08,28.3,M_V02_R5,2870,0,0,,
G08,28.3,M_V03_R1,2871,0,0,,
G08,28.3,M_V03_R2,2872,0,0,,
G08,28.3,M_V03_R3,2873,0,0,,
G08,28.3,M_V03_R4,2874,0,0,,
G08,28.3,M_V03_R5,2875,7,5,,
G08,25.3,M_V04_R1,2876,0,0,,
G08,25.3,M_V04_R2,2877,0,0,,
G08,25.3,M_V04_R3,2878,0,0,,
G08,25.3,M_V04_R4,2879,0,0,,
G08,25.3,M_V04_R5,2880,0,0,,
G08,28.3,M_V05_R1,2881,0,0,,
G08,28.3,M_V05_R2,2882,0,0,,
G08,28.3,M_V05_R3,2883,0,0,,
G08,28.3,M_V05_R4,2884,0,0,,
G08,28.3,M_V05_R5,2885,0,0,,
G08,28.3,M_V06_R1,2886,0,0,,
G08,28.3,M_V06_R2,2887,0,0,,
G08,28.3,M_V06_R3,2888,0,0,,
G08,28.3,M_V06_R4,2889,0,0,,
G08,28.3,M_V06_R5,2890,0,0,,
G08,26.8,M_V07_R1,2891,0,0,,
G08,26.8,M_V07_R2,2892,0,0,,
G08,26.8,M_V07_R3,2893,0,0,,
G08,26.8,M_V07_R4,2894,0,0,,
G08,26.8,M_V07_R5,2895,0,0,,
G08,26.8,M_V08_R1,2896,0,1,,
G08,26.8,M_V08_R2,2897,0,0,,
G08,26.8,M_V08_R3,2898,0,0,,
G08,26.8,M_V08_R4,2899,0,0,,
G08,26.8,M_V08_R5,2900,0,0,,
G08,25.3,M_V09_R1,2901,0,0,,
G08,25.3,M_V09_R2,2902,0,0,,
G08,25.3,M_V09_R3,2903,0,0,,
G08,25.3,M_V09_R4,2904,0,0,,
G08,25.3,M_V09_R5,2905,0,0,,
G08,26.8,M_V10_R1,2906,0,0,,
G08,26.8,M_V10_R2,2907,14,10,,
G08,26.8,M_V10_R3,2908,4,5,,
G08,26.8,M_V10_R4,2909,0,0,,
G08,26.8,M_V10_R5,2910,0,0,,
G08,26.8,M_V11_R1,2911,1,5,,
G08,26.8,M_V11_R2,2912,7,3,,
G08,26.8,M_V11_R3,2913,0,0,,
G08,26.8,M_V11_R4,2914,15,10,,
G08,26.8,M_V11_R5,2915,0,0,,
G08,25.3,M_V12_R1,2916,0,0,,
G08,25.3,M_V12_R2,2917,0,0,,
G08,25.3,M_V12_R3,2918,0,0,,
G08,25.3,M_V12_R4,2919,0,0,,
G08,25.3,M_V12_R5,2920,0,0,,
G09,27.2,C_S_R1,2921,0,0,39,34
G09,27.2,C_S_R2,2922,0,0,5,5
G09,27.2,C_S_R3,2923,0,0,35,32
G09,27.2,C_S_R4,2924,0,0,0,0
G09,27.2,C_S_R5,2925,0,0,6,5
G09,27.2,C_S_R6,2926,0,0,0,0
G09,27.2,C_S_R7,2927,0,0,0,0
G09,27.2,C_S_R8,2928,0,0,3,3
G09,27.2,C_S_R9,2929,0,0,40,39
G09,27.2,C_S_R10,2930,0,0,0,0
G09,27.2,C_S_R11,2931,0,0,8,19
G09,27.2,C_S_R12,2932,0,0,0,0
G09,27.2,C_S_R13,2933,0,0,57,38
G09,27.2,C_S_R14,2934,0,0,0,0
G09,27.2,C_S_R15,2935,0,0,11,13
G09,27.2,C_S_R16,2936,0,0,0,0
G09,27.2,C_S_R17,2937,1,5,0,0
G09,27.2,C_S_R18,2938,0,0,0,0
G09,27.2,C_S_R19,2939,0,0,0,0
G09,27.2,C_S_R20,2940,1,3,0,0
G09,27.2,C_S_R21,2941,0,0,41,36
G09,27.2,C_S_R22,2942,0,0,7,6
G09,27.2,C_S_R23,2943,0,0,39,24
G09,27.2,C_S_R24,2944,2,3,18,8
G09,27.2,C_S_R25,2945,0,0,0,0
G09,27.2,C_S_R26,2946,0,0,35,25
G09,27.2,C_S_R27,2947,0,0,47,46
G09,27.2,C_S_R28,2948,0,0,33,25
G09,27.2,C_S_R29,2949,0,0,0,0
G09,27.2,C_S_R30,2950,0,0,47,37
G09,27.2,C_S_R31,2951,0,0,13,10
G09,27.2,C_S_R32,2952,0,0,0,0
G09,27.2,C_S_R33,2953,0,0,7,7
G09,27.2,C_S_R34,2954,8,7,8,12
G09,27.2,C_S_R35,2955,0,0,29,26
G09,27.2,C_S_R36,2956,0,0,0,0
G09,27.2,C_S_R37,2957,0,0,52,54
G09,27.2,C_S_R38,2958,0,0,0,0
G09,27.2,C_S_R39,2959,0,0,0,0
G09,27.2,C_S_R40,2960,1,0,0,0
G09,27.2,C_S_R41,2961,0,0,0,0
G09,27.2,C_S_R42,2962,0,0,12,15
G09,27.2,C_S_R43,2963,0,0,51,39
G09,27.2,C_S_R44,2964,0,0,0,0
G09,27.2,C_S_R45,2965,0,0,42,30
G09,27.2,C_S_R46,2966,0,0,69,51
G09,27.2,C_S_R47,2967,0,0,0,0
G09,27.2,C_S_R48,2968,0,0,0,0
G09,27.2,C_S_R49,2969,0,0,0,0
G09,27.2,C_S_R50,2970,0,0,51,49
G09,27.2,C_S_R51,2971,2,0,4,1
G09,27.2,C_S_R52,2972,0,0,0,0
G09,27.2,C_S_R53,2973,0,0,55,50
G09,27.2,C_S_R54,2974,0,0,0,0
G09,27.2,C_S_R55,2975,4,5,0,2
G09,27.2,C_S_R56,2976,12,6,33,17
G09,27.2,C_S_R57,2977,0,0,47,34
G09,27.2,C_S_R58,2978,0,0,0,0
G09,27.2,C_S_R59,2979,0,0,46,42
G09,27.2,C_S_R60,2980,0,0,45,44
G09,28.7,C_V01_R1,2981,0,0,0,0
G09,28.7,C_V01_R2,2982,0,0,0,0
G09,28.7,C_V01_R3,2983,0,0,0,0
G09,28.7,C_V01_R4,2984,21,25,14,12
G09,28.7,C_V01_R5,2985,0,0,0,0
G09,27.2,C_V02_R1,2986,0,0,0,0
G09,27.2,C_V02_R2,2987,0,0,0,0
G09,27.2,C_V02_R3,2988,0,0,40,38
G09,27.2,C_V02_R4,2989,0,0,0,0
G09,27.2,C_V02_R5,2990,0,0,31,22
G09,25.7,C_V03_R1,2991,0,0,0,0
G09,25.7,C_V03_R2,2992,0,0,0,0
G09,25.7,C_V03_R3,2993,0,0,0,0
G09,25.7,C_V03_R4,2994,0,0,0,0
G09,25.7,C_V03_R5,2995,0,0,0,0
G09,25.7,C_V04_R1,2996,0,0,0,0
G09,25.7,C_V04_R2,2997,0,0,0,0
G09,25.7,C_V04_R3,2998,0,0,0,0
G09,25.7,C_V04_R4,2999,0,0,66,52
G09,25.7,C_V04_R5,3000,0,0,58,57
G09,27.2,C_V05_R1,3001,0,0,56,44
G09,27.2,C_V05_R2,3002,0,0,0,0
G09,27.2,C_V05_R3,3003,0,0,0,0
G09,27.2,C_V05_R4,3004,0,0,0,0
G09,27.2,C_V05_R5,3005,0,0,26,31
G09,27.2,C_V06_R1,3006,0,0,16,27
G09,27.2,C_V06_R2,3007,0,0,19,26
G09,27.2,C_V06_R3,3008,0,0,0,0
G09,27.2,C_V06_R4,3009,0,0,54,42
G09,27.2,C_V06_R5,3010,0,0,11,11
G09,28.7,C_V07_R1,3011,0,0,0,0
G09,28.7,C_V07_R2,3012,0,0,0,0
G09,28.7,C_V07_R3,3013,0,0,0,0
G09,28.7,C_V07_R4,3014,0,0,0,0
G09,28.7,C_V07_R5,3015,0,0,0,0
G09,28.7,C_V08_R1,3016,0,0,25,17
G09,28.7,C_V08_R2,3017,0,0,0,0
G09,28.7,C_V08_R3,3018,0,0,60,47
G09,28.7,C_V08_R4,3019,0,0,16,15
G09,28.7,C_V08_R5,3020,0,0,10,12
G09,25.7,C_V09_R1,3021,0,0,0,0
G09,25.7,C_V09_R2,3022,0,0,0,0
G09,25.7,C_V09_R3,3023,0,0,0,0
G09,25.7,C_V09_R4,3024,0,0,0,0
G09,25.7,C_V09_R5,3025,0,0,37,27
G09,27.2,C_V10_R1,3026,0,0,0,1
G09,27.2,C_V10_R2,3027,0,0,7,7
G09,27.2,C_V10_R3,3028,0,0,56,42
G09,27.2,C_V10_R4,3029,0,0,0,0
G09,27.2,C_V10_R5,3030,0,0,0,0
G09,28.7,C_V11_R1,3031,0,0,42,37
G09,28.7,C_V11_R2,3032,0,0,0,0
G09,28.7,C_V11_R3,3033,0,0,0,0
G09,28.7,C_V11_R4,3034,0,0,18,21
G09,28.7,C_V11_R5,3035,0,0,5,4
G09,25.7,C_V12_R1,3036,0,0,18,18
G09,25.7,C_V12_R2,3037,0,0,0,0
G09,25.7,C_V12_R3,3038,0,0,24,17
G09,25.7,C_V12_R4,3039,0,0,52,39
G09,25.7,C_V12_R5,3040,0,0,0,0
G09,27.2,M_S_R1,3041,14,13,,
G09,27.2,M_S_R2,3042,0,0,,
G09,27.2,M_S_R3,3043,0,0,,
G09,27.2,M_S_R4,3044,4,3,,
G09,27.2,M_S_R5,3045,7,3,,
G09,27.2,M_S_R6,3046,7,5,,
G09,27.2,M_S_R7,3047,0,0,,
G09,27.2,M_S_R8,3048,0,0,,
G09,27.2,M_S_R9,3049,7,6,,
G09,27.2,M_S_R10,3050,15,16,,
G09,27.2,M_S_R11,3051,0,0,,
G09,27.2,M_S_R12,3052,0,0,,
G09,27.2,M_S_R13,3053,0,0,,
G09,27.2,M_S_R14,3054,0,0,,
G09,27.2,M_S_R15,3055,15,12,,
G09,27.2,M_S_R16,3056,0,0,,
G09,27.2,M_S_R17,3057,0,0,,
G09,27.2,M_S_R18,3058,0,0,,
G09,27.2,M_S_R19,3059,0,0,,
G09,27.2,M_S_R20,3060,0,0,,
G09,27.2,M_S_R21,3061,0,0,,
G09,27.2,M_S_R22,3062,0,0,,
G09,27.2,M_S_R23,3063,0,0,,
G09,27.2,M_S_R24,3064,0,0,,
G09,27.2,M_S_R25,3065,0,0,,
G09,27.2,M_S_R26,3066,0,0,,
G09,27.2,M_S_R27,3067,0,0,,
G09,27.2,M_S_R28,3068,0,0,,
G09,27.2,M_S_R29,3069,0,0,,
G09,27.2,M_S_R30,3070,0,0,,
G09,27.2,M_S_R31,3071,0,0,,
G09,27.2,M_S_R32,3072,0,0,,
G09,27.2,M_S_R33,3073,10,8,,
G09,27.2,M_S_R34,3074,0,0,,
G09,27.2,M_S_R35,3075,0,0,,
G09,27.2,M_S_R36,3076,5,7,,
G09,27.2,M_S_R37,3077,0,0,,
G09,27.2,M_S_R38,3078,2,8,,
G09,27.2,M_S_R39,3079,0,0,,
G09,27.2,M_S_R40,3080,0,0,,
G09,27.2,M_S_R41,3081,0,0,,
G09,27.2,M_S_R42,3082,1,0,,
G09,27.2,M_S_R43,3083,0,0,,
G09,27.2,M_S_R44,3084,1,1,,
G09,27.2,M_S_R45,3085,0,0,,
G09,27.2,M_S_R46,3086,0,0,,
G09,27.2,M_S_R47,3087,0,0,,
G09,27.2,M_S_R48,3088,0,0,,
G09,27.2,M_S_R49,3089,1,0,,
G09,27.2,M_S_R50,3090,0,0,,
G09,27.2,M_S_R51,3091,10,9,,
G09,27.2,M_S_R52,3092,0,0,,
G09,27.2,M_S_R53,3093,0,0,,
G09,27.2,M_S_R54,3094,0,0,,
G09,27.2,M_S_R55,3095,1,8,,
G09,27.2,M_S_R56,3096,0,0,,
G09,27.2,M_S_R57,3097,0,0,,
G09,27.2,M_S_R58,3098,0,0,,
G09,27.2,M_S_R59,3099,0,0,,
G09,27.2,M_S_R60,3100,0,0,,
G09,28.7,M_V01_R1,3101,0,0,,
G09,28.7,M_V01_R2,3102,0,0,,
G09,28.7,M_V01_R3,3103,0,0,,
G09,28.7,M_V01_R4,3104,0,0,,
G09,28.7,M_V01_R5,3105,0,0,,
G09,27.2,M_V02_R1,3106,0,0,,
G09,27.2,M_V02_R2,3107,0,0,,
G09,27.2,M_V02_R3,3108,0,0,,
G09,27.2,M_V02_R4,3109,0,0,,
G09,27.2,M_V02_R5,3110,0,0,,
G09,25.7,M_V03_R1,3111,0,0,,
G09,25.7,M_V03_R2,3112,0,0,,
G09,25.7,M_V03_R3,3113,0,0,,
G09,25.7,M_V03_R4,3114,0,0,,
G09,25.7,M_V03_R5,3115,0,0,,
G09,25.7,M_V04_R1,3116,0,0,,
G09,25.7,M_V04_R2,3117,0,0,,
G09,25.7,M_V04_R3,3118,0,0,,
G09,25.7,M_V04_R4,3119,0,0,,
G09,25.7,M_V04_R5,3120,0,0,,
G09,27.2,M_V05_R1,3121,0,0,,
G09,27.2,M_V05_R2,3122,0,0,,
G09,27.2,M_V05_R3,3123,0,0,,
G09,27.2,M_V05_R4,3124,0,0,,
G09,27.2,M_V05_R5,3125,0,0,,
G09,27.2,M_V06_R1,3126,0,0,,
G09,27.2,M_V06_R2,3127,0,0,,
G09,27.2,M_V06_R3,3128,0,0,,
G09,27.2,M_V06_R4,3129,0,0,,
G09,27.2,M_V06_R5,3130,0,0,,
G09,28.7,M_V07_R1,3131,0,0,,
G09,28.7,M_V07_R2,3132,0,0,,
G09,28.7,M_V07_R3,3133,0,0,,
G09,28.7,M_V07_R4,3134,0,0,,
G09,28.7,M_V07_R5,3135,0,0,,
G09,28.7,M_V08_R1,3136,0,0,,
G09,28.7,M_V08_R2,3137,0,0,,
G09,28.7,M_V08_R3,3138,0,0,,
G09,28.7,M_V08_R4,3139,0,0,,
G09,28.7,M_V08_R5,3140,0,0,,
G09,25.7,M_V09_R1,3141,0,0,,
G09,25.7,M_V09_R2,3142,0,0,,
G09,25.7,M_V09_R3,3143,0,0,,
G09,25.7,M_V09_R4,3144,0,0,,
G09,25.7,M_V09_R5,3145,0,0,,
G09,27.2,M_V10_R1,3146,0,0,,
G09,27.2,M_V10_R2,3147,11,24,,
G09,27.2,M_V10_R3,3148,1,5,,
G09,27.2,M_V10_R4,3149,0,0,,
G09,27.2,M_V10_R5,3150,0,0,,
G09,28.7,M_V11_R1,3151,0,0,,
G09,28.7,M_V11_R2,3152,1,0,,
G09,28.7,M_V11_R3,3153,0,0,,
G09,28.7,M_V11_R4,3154,0,0,,
G09,28.7,M_V11_R5,3155,0,0,,
G09,25.7,M_V12_R1,3156,0,0,,
G09,25.7,M_V12_R2,3157,0,0,,
G09,25.7,M_V12_R3,3158,0,0,,
G09,25.7,M_V12_R4,3159,0,0,,
G09,25.7,M_V12_R5,3160,0,0,,
G10,27.6,C_S_R1,3161,0,0,11,14
G10,27.6,C_S_R2,3162,0,0,14,18
G10,27.6,C_S_R3,3163,0,0,20,18
G10,27.6,C_S_R4,3164,0,0,0,0
G10,27.6,C_S_R5,3165,0,0,35,22
G10,27.6,C_S_R6,3166,0,0,0,0
G10,27.6,C_S_R7,3167,0,0,0,0
G10,27.6,C_S_R8,3168,0,0,35,28
G10,27.6,C_S_R9,3169,0,0,36,42
G10,27.6,C_S_R10,3170,0,0,0,0
G10,27.6,C_S_R11,3171,0,0,46,32
G10,27.6,C_S_R12,3172,0,0,0,0
G10,27.6,C_S_R13,3173,0,0,19,16
G10,27.6,C_S_R14,3174,0,0,0,0
G10,27.6,C_S_R15,3175,0,0,6,3
G10,27.6,C_S_R16,3176,0,0,0,0
G10,27.6,C_S_R17,3177,1,0,0,0
G10,27.6,C_S_R18,3178,0,0,0,0
G10,27.6,C_S_R19,3179,0,0,0,0
G10,27.6,C_S_R20,3180,0,0,0,0
G10,27.6,C_S_R21,3181,0,0,29,27
G10,27.6,C_S_R22,3182,0,0,44,41
G10,27.6,C_S_R23,3183,0,0,29,20
G10,27.6,C_S_R24,3184,0,0,45,35
G10,27.6,C_S_R25,3185,0,0,0,0
G10,27.6,C_S_R26,3186,0,0,21,15
G10,27.6,C_S_R27,3187,0,0,19,33
G10,27.6,C_S_R28,3188,0,0,40,41
G10,27.6,C_S_R29,3189,0,0,0,0
G10,27.6,C_S_R30,3190,0,0,33,28
G10,27.6,C_S_R31,3191,0,0,69,61
G10,27.6,C_S_R32,3192,0,0,0,0
G10,27.6,C_S_R33,3193,0,0,4,6
G10,27.6,C_S_R34,3194,1,1,35,37
G10,27.6,C_S_R35,3195,0,0,55,62
G10,27.6,C_S_R36,3196,0,0,0,0
G10,27.6,C_S_R37,3197,0,0,65,62
G10,27.6,C_S_R38,3198,0,0,0,0
G10,27.6,C_S_R39,3199,0,0,0,0
G10,27.6,C_S_R40,3200,0,0,0,0
G10,27.6,C_S_R41,3201,0,0,0,0
G10,27.6,C_S_R42,3202,0,0,73,42
G10,27.6,C_S_R43,3203,0,0,52,46
G10,27.6,C_S_R44,3204,0,0,0,0
G10,27.6,C_S_R45,3205,0,0,42,33
G10,27.6,C_S_R46,3206,0,0,25,24
G10,27.6,C_S_R47,3207,0,0,0,0
G10,27.6,C_S_R48,3208,0,0,0,0
G10,27.6,C_S_R49,3209,0,0,0,0
G10,27.6,C_S_R50,3210,0,0,64,56
G10,27.6,C_S_R51,3211,0,0,21,21
G10,27.6,C_S_R52,3212,0,0,0,0
G10,27.6,C_S_R53,3213,0,0,43,31
G10,27.6,C_S_R54,3214,0,0,0,0
G10,27.6,C_S_R55,3215,7,2,0,0
G10,27.6,C_S_R56,3216,0,0,58,43
G10,27.6,C_S_R57,3217,0,0,49,41
G10,27.6,C_S_R58,3218,0,0,0,0
G10,27.6,C_S_R59,3219,0,0,36,20
G10,27.6,C_S_R60,3220,0,0,61,49
G10,26.1,C_V01_R1,3221,0,0,0,0
G10,26.1,C_V01_R2,3222,0,0,0,0
G10,26.1,C_V01_R3,3223,0,0,0,0
G10,26.1,C_V01_R4,3224,0,0,8,3
G10,26.1,C_V01_R5,3225,0,0,0,0
G10,26.1,C_V02_R1,3226,0,0,0,0
G10,26.1,C_V02_R2,3227,0,0,0,0
G10,26.1,C_V02_R3,3228,0,0,1,6
G10,26.1,C_V02_R4,3229,0,0,0,0
G10,26.1,C_V02_R5,3230,0,0,37,30
G10,29.1,C_V03_R1,3231,0,0,0,0
G10,29.1,C_V03_R2,3232,0,0,0,0
G10,29.1,C_V03_R3,3233,0,0,0,0
G10,29.1,C_V03_R4,3234,0,0,0,0
G10,29.1,C_V03_R5,3235,0,0,0,0
G10,29.1,C_V04_R1,3236,0,0,0,0
G10,29.1,C_V04_R2,3237,0,0,0,0
G10,29.1,C_V04_R3,3238,0,0,0,0
G10,29.1,C_V04_R4,3239,0,0,25,18
G10,29.1,C_V04_R5,3240,0,0,35,27
G10,26.1,C_V05_R1,3241,0,0,0,0
G10,26.1,C_V05_R2,3242,0,0,0,0
G10,26.1,C_V05_R3,3243,0,0,0,0
G10,26.1,C_V05_R4,3244,0,0,0,0
G10,26.1,C_V05_R5,3245,0,0,22,24
G10,27.6,C_V06_R1,3246,0,0,46,44
G10,27.6,C_V06_R2,3247,0,0,20,14
G10,27.6,C_V06_R3,3248,0,0,0,0
G10,27.6,C_V06_R4,3249,0,0,32,26
G10,27.6,C_V06_R5,3250,0,0,21,24
G10,26.1,C_V07_R1,3251,0,0,0,0
G10,26.1,C_V07_R2,3252,0,0,0,0
G10,26.1,C_V07_R3,3253,0,0,0,0
G10,26.1,C_V07_R4,3254,0,0,0,0
G10,26.1,C_V07_R5,3255,0,0,0,0
G10,27.6,C_V08_R1,3256,0,0,42,40
G10,27.6,C_V08_R2,3257,0,0,0,0
G10,27.6,C_V08_R3,3258,0,0,35,40
G10,27.6,C_V08_R4,3259,0,0,45,46
G10,27.6,C_V08_R5,3260,0,0,38,33
G10,29.1,C_V09_R1,3261,0,0,0,0
G10,29.1,C_V09_R2,3262,0,0,0,0
G10,29.1,C_V09_R3,3263,0,0,0,0
G10,29.1,C_V09_R4,3264,0,0,0,0
G10,29.1,C_V09_R5,3265,0,0,35,47
G10,29.1,C_V10_R1,3266,0,0,0,0
G10,29.1,C_V10_R2,3267,0,0,42,41
G10,29.1,C_V10_R3,3268,0,0,36,42
G10,29.1,C_V10_R4,3269,0,0,0,0
G10,29.1,C_V10_R5,3270,0,0,0,0
G10,27.6,C_V11_R1,3271,0,0,29,39
G10,27.6,C_V11_R2,3272,0,0,0,0
G10,27.6,C_V11_R3,3273,0,0,0,0
G10,27.6,C_V11_R4,3274,0,0,46,42
G10,27.6,C_V11_R5,3275,0,0,15,16
G10,27.6,C_V12_R1,3276,0,0,40,23
G10,27.6,C_V12_R2,3277,0,0,0,0
G10,27.6,C_V12_R3,3278,0,0,53,46
G10,27.6,C_V12_R4,3279,0,0,37,42
G10,27.6,C_V12_R5,3280,31,35,0,0
G10,27.6,M_S_R1,3281,0,0,,
G10,27.6,M_S_R2,3282,0,0,,
G10,27.6,M_S_R3,3283,0,0,,
G10,27.6,M_S_R4,3284,0,0,,
G10,27.6,M_S_R5,3285,0,1,,
G10,27.6,M_S_R6,3286,0,0,,
G10,27.6,M_S_R7,3287,0,0,,
G10,27.6,M_S_R8,3288,0,0,,
G10,27.6,M_S_R9,3289,0,0,,
G10,27.6,M_S_R10,3290,0,0,,
G10,27.6,M_S_R11,3291,0,0,,
G10,27.6,M_S_R12,3292,0,0,,
G10,27.6,M_S_R13,3293,0,0,,
G10,27.6,M_S_R14,3294,0,0,,
G10,27.6,M_S_R15,3295,0,0,,
G10,27.6,M_S_R16,3296,0,0,,
G10,27.6,M_S_R17,3297,0,0,,
G10,27.6,M_S_R18,3298,0,0,,
G10,27.6,M_S_R19,3299,0,0,,
G10,27.6,M_S_R20,3300,0,0,,
G10,27.6,M_S_R21,3301,0,0,,
G10,27.6,M_S_R22,3302,0,0,,
G10,27.6,M_S_R23,3303,0,0,,
G10,27.6,M_S_R24,3304,0,0,,
G10,27.6,M_S_R25,3305,0,0,,
G10,27.6,M_S_R26,3306,0,0,,
G10,27.6,M_S_R27,3307,0,0,,
G10,27.6,M_S_R28,3308,0,0,,
G10,27.6,M_S_R29,3309,0,0,,
G10,27.6,M_S_R30,3310,0,0,,
G10,27.6,M_S_R31,3311,0,0,,
G10,27.6,M_S_R32,3312,0,0,,
G10,27.6,M_S_R33,3313,0,0,,
G10,27.6,M_S_R34,3314,0,0,,
G10,27.6,M_S_R35,3315,0,0,,
G10,27.6,M_S_R36,3316,0,0,,
G10,27.6,M_S_R37,3317,0,0,,
G10,27.6,M_S_R38,3318,0,0,,
G10,27.6,M_S_R39,3319,0,0,,
G10,27.6,M_S_R40,3320,0,0,,
G10,27.6,M_S_R41,3321,0,0,,
G10,27.6,M_S_R42,3322,0,0,,
G10,27.6,M_S_R43,3323,0,0,,
G10,27.6,M_S_R44,3324,0,0,,
G10,27.6,M_S_R45,3325,0,0,,
G10,27.6,M_S_R46,3326,0,0,,
G10,27.6,M_S_R47,3327,0,0,,
G10,27.6,M_S_R48,3328,0,0,,
G10,27.6,M_S_R49,3329,0,0,,
G10,27.6,M_S_R50,3330,0,0,,
G10,27.6,M_S_R51,3331,0,0,,
G10,27.6,M_S_R52,3332,0,0,,
G10,27.6,M_S_R53,3333,0,0,,
G10,27.6,M_S_R54,3334,0,0,,
G10,27.6,M_S_R55,3335,0,0,,
G10,27.6,M_S_R56,3336,0,0,,
G10,27.6,M_S_R57,3337,0,0,,
G10,27.6,M_S_R58,3338,0,0,,
G10,27.6,M_S_R59,3339,0,0,,
G10,27.6,M_S_R60,3340,0,0,,
G10,26.1,M_V01_R1,3341,0,0,,
G10,26.1,M_V01_R2,3342,0,0,,
G10,26.1,M_V01_R3,3343,0,0,,
G10,26.1,M_V01_R4,3344,0,0,,
G10,26.1,M_V01_R5,3345,0,0,,
G10,26.1,M_V02_R1,3346,0,0,,
G10,26.1,M_V02_R2,3347,0,0,,
G10,26.1,M_V02_R3,3348,0,0,,
G10,26.1,M_V02_R4,3349,0,0,,
G10,26.1,M_V02_R5,3350,0,0,,
G10,29.1,M_V03_R1,3351,0,0,,
G10,29.1,M_V03_R2,3352,0,0,,
G10,29.1,M_V03_R3,3353,0,0,,
G10,29.1,M_V03_R4,3354,0,0,,
G10,29.1,M_V03_R5,3355,0,0,,
G10,29.1,M_V04_R1,3356,0,0,,
G10,29.1,M_V04_R2,3357,0,0,,
G10,29.1,M_V04_R3,3358,0,0,,
G10,29.1,M_V04_R4,3359,0,0,,
G10,29.1,M_V04_R5,3360,0,0,,
G10,26.1,M_V05_R1,3361,0,0,,
G10,26.1,M_V05_R2,3362,0,0,,
G10,26.1,M_V05_R3,3363,0,0,,
G10,26.1,M_V05_R4,3364,0,0,,
G10,26.1,M_V05_R5,3365,0,0,,
G10,27.6,M_V06_R1,3366,0,0,,
G10,27.6,M_V06_R2,3367,0,0,,
G10,27.6,M_V06_R3,3368,0,0,,
G10,27.6,M_V06_R4,3369,0,0,,
G10,27.6,M_V06_R5,3370,0,0,,
G10,26.1,M_V07_R1,3371,0,0,,
G10,26.1,M_V07_R2,3372,0,0,,
G10,26.1,M_V07_R3,3373,0,0,,
G10,26.1,M_V07_R4,3374,0,0,,
G10,26.1,M_V07_R5,3375,0,0,,
G10,27.6,M_V08_R1,3376,0,0,,
G10,27.6,M_V08_R2,3377,0,0,,
G10,27.6,M_V08_R3,3378,0,0,,
G10,27.6,M_V08_R4,3379,0,0,,
G10,27.6,M_V08_R5,3380,0,0,,
G10,29.1,M_V09_R1,3381,0,0,,
G10,29.1,M_V09_R2,3382,0,0,,
G10,29.1,M_V09_R3,3383,0,0,,
G10,29.1,M_V09_R4,3384,0,0,,
G10,29.1,M_V09_R5,3385,0,0,,
G10,29.1,M_V10_R1,3386,0,0,,
G10,29.1,M_V10_R2,3387,0,0,,
G10,29.1,M_V10_R3,3388,0,0,,
G10,29.1,M_V10_R4,3389,0,0,,
G10,29.1,M_V10_R5,3390,0,0,,
G10,27.6,M_V11_R1,3391,0,0,,
G10,27.6,M_V11_R2,3392,0,0,,
G10,27.6,M_V11_R3,3393,0,0,,
G10,27.6,M_V11_R4,3394,0,0,,
G10,27.6,M_V11_R5,3395,0,0,,
G10,27.6,M_V12_R1,3396,0,0,,
G10,27.6,M_V12_R2,3397,0,0,,
G10,27.6,M_V12_R3,3398,0,0,,
G10,27.6,M_V12_R4,3399,0,0,,
G10,27.6,M_V12_R5,3400,0,0,,
